23,EMP-378574,Шашкова Ксения Наумовна,шашкова.ксения.наумовна@kmkl.kmg.kz,1,5,407,2019-03-30,t,2026-02-25 22:21:35.293375+00,2026-02-25 22:26:41.794739+00
37,EMP-236538,Марков Гедеон Матвеевич,марков.гедеон.матвеевич@kmkl.kmg.kz,1,2,65,2023-07-02,t,2026-02-25 22:21:35.293375+00,2026-02-25 22:26:41.794739+00
45,EMP-424703,Леон Венедиктович Панфилов,леон.венедиктович.панфилов@kmkl.kmg.kz,1,3,407,2020-06-28,t,2026-02-25 22:21:35.293375+00,2026-02-25 22:26:41.794739+00
54,EMP-957784,Зосима Аксёнович Гордеев,зосима.аксёнович.гордеев@kmkl.kmg.kz,1,1,65,2018-04-25,t,2026-02-25 22:21:35.293375+00,2026-02-25 22:26:41.794739+00
57,EMP-832540,Жанна Оскаровна Киселева,жанна.оскаровна.киселева@kmkl.kmg.kz,1,25,65,2023-03-31,t,2026-02-25 22:21:35.293375+00,2026-02-25 22:26:41.794739+00
60,EMP-536674,Носова Мария Алексеевна,носова.мария.алексеевна@kmkl.kmg.kz,1,4,407,2018-03-15,t,2026-02-25 22:21:35.293375+00,2026-02-25 22:26:41.794739+00
63,EMP-211637,Юлий Ермолаевич Щербаков,юлий.ермолаевич.щербаков@kmkl.kmg.kz,1,3,65,2018-04-01,t,2026-02-25 22:21:35.293375+00,2026-02-25 22:26:41.794739+00
71,EMP-996994,Афиноген Ермолаевич Чернов,афиноген.ермолаевич.чернов@kmkl.kmg.kz,1,6,65,2023-08-20,t,2026-02-25 22:21:35.293375+00,2026-02-25 22:26:41.794739+00
79,EMP-716399,Савельева Алина Матвеевна,савельева.алина.матвеевна@kmkl.kmg.kz,1,1,65,2021-09-18,t,2026-02-25 22:21:35.293375+00,2026-02-25 22:26:41.794739+00
81,EMP-414622,Герасимова Дарья Наумовна,герасимова.дарья.наумовна@kmkl.kmg.kz,1,6,407,2020-02-08,t,2026-02-25 22:21:35.293375+00,2026-02-25 22:26:41.794739+00
86,EMP-808217,София Львовна Степанова,софия.львовна.степанова@kmkl.kmg.kz,1,6,65,2021-11-08,t,2026-02-25 22:21:35.293375+00,2026-02-25 22:26:41.794739+00
97,EMP-416274,Гедеон Артурович Силин,гедеон.артурович.силин@kmkl.kmg.kz,1,6,65,2019-04-05,t,2026-02-25 22:21:35.293375+00,2026-02-25 22:26:41.794739+00
104,EMP-182900,Екатерина Тимофеевна Пахомова,екатерина.тимофеевна.пахомова@kmkl.kmg.kz,1,6,407,2019-01-31,t,2026-02-25 22:21:35.293375+00,2026-02-25 22:26:41.794739+00
110,EMP-933640,Белозеров Фотий Ефимович,белозеров.фотий.ефимович@kmkl.kmg.kz,1,5,407,2023-10-30,t,2026-02-25 22:21:35.293375+00,2026-02-25 22:26:41.794739+00
129,EMP-338659,Селиверст Захарьевич Захаров,селиверст.захарьевич.захаров@kmkl.kmg.kz,1,6,65,2018-12-06,t,2026-02-25 22:21:35.293375+00,2026-02-25 22:26:41.794739+00
139,EMP-294262,Никандр Матвеевич Зимин,никандр.матвеевич.зимин@kmkl.kmg.kz,1,24,65,2021-04-01,t,2026-02-25 22:21:35.293375+00,2026-02-25 22:26:41.794739+00
142,EMP-614860,Юдин Варлаам Гавриилович,юдин.варлаам.гавриилович@kmkl.kmg.kz,1,25,407,2023-08-13,t,2026-02-25 22:21:35.293375+00,2026-02-25 22:26:41.794739+00
144,EMP-115700,Спартак Елизарович Князев,спартак.елизарович.князев@kmkl.kmg.kz,1,1,407,2017-01-30,t,2026-02-25 22:21:35.293375+00,2026-02-25 22:26:41.794739+00
168,EMP-762858,Морозов Иларион Гавриилович,морозов.иларион.гавриилович@kmkl.kmg.kz,1,5,65,2025-01-02,t,2026-02-25 22:21:35.293375+00,2026-02-25 22:26:41.794739+00
190,EMP-127260,Клавдия Игоревна Афанасьева,клавдия.игоревна.афанасьева@kmkl.kmg.kz,1,4,65,2017-04-04,t,2026-02-25 22:21:35.293375+00,2026-02-25 22:26:41.794739+00
191,EMP-533394,Елисеева Феврония Рудольфовна,елисеева.феврония.рудольфовна@kmkl.kmg.kz,1,1,65,2021-03-22,t,2026-02-25 22:21:35.293375+00,2026-02-25 22:26:41.794739+00
202,EMP-522671,Кира Аркадьевна Анисимова,кира.аркадьевна.анисимова@kmkl.kmg.kz,1,4,407,2024-07-03,f,2026-02-25 22:21:35.293375+00,2026-02-25 22:26:41.794739+00
212,EMP-324333,Харитонова Евгения Эльдаровна,харитонова.евгения.эльдаровна@kmkl.kmg.kz,1,1,65,2024-10-03,t,2026-02-25 22:21:35.293375+00,2026-02-25 22:26:41.794739+00
216,EMP-337253,Ираида Кузьминична Мишина,ираида.кузьминична.мишина@kmkl.kmg.kz,1,6,407,2024-05-07,t,2026-02-25 22:21:35.293375+00,2026-02-25 22:26:41.794739+00
227,EMP-772270,Лариса Михайловна Жукова,лариса.михайловна.жукова@kmkl.kmg.kz,1,4,65,2018-11-13,t,2026-02-25 22:21:35.293375+00,2026-02-25 22:26:41.794739+00
233,EMP-748150,Глафира Матвеевна Титова,глафира.матвеевна.титова@kmkl.kmg.kz,1,5,407,2023-11-05,t,2026-02-25 22:21:35.293375+00,2026-02-25 22:26:41.794739+00
241,EMP-402252,Екатерина Леонидовна Соколова,екатерина.леонидовна.соколова@kmkl.kmg.kz,1,1,407,2019-01-19,t,2026-02-25 22:21:35.293375+00,2026-02-25 22:26:41.794739+00
258,EMP-116438,Николаев Михей Владленович,николаев.михей.владленович@kmkl.kmg.kz,1,3,65,2019-07-14,t,2026-02-25 22:21:35.293375+00,2026-02-25 22:26:41.794739+00
264,EMP-598397,Ефрем Владиленович Самсонов,ефрем.владиленович.самсонов@kmkl.kmg.kz,1,2,407,2020-12-22,t,2026-02-25 22:21:35.293375+00,2026-02-25 22:26:41.794739+00
269,EMP-782957,Анастасия Аскольдовна Воронцова,анастасия.аскольдовна.воронцова@kmkl.kmg.kz,1,6,407,2019-03-12,t,2026-02-25 22:21:35.293375+00,2026-02-25 22:26:41.794739+00
274,EMP-315483,Гуляев Мир Антипович,гуляев.мир.антипович@kmkl.kmg.kz,1,3,407,2023-12-10,t,2026-02-25 22:21:35.293375+00,2026-02-25 22:26:41.794739+00
290,EMP-743888,Одинцов Изот Абрамович,одинцов.изот.абрамович@kmkl.kmg.kz,1,6,407,2018-10-23,t,2026-02-25 22:21:35.293375+00,2026-02-25 22:26:41.794739+00
298,EMP-756689,Наумова Анна Павловна,наумова.анна.павловна@kmkl.kmg.kz,1,24,65,2021-04-08,t,2026-02-25 22:21:35.293375+00,2026-02-25 22:26:41.794739+00
303,EMP-496305,Орехова Регина Ивановна,орехова.регина.ивановна@kmkl.kmg.kz,1,1,65,2024-09-24,t,2026-02-25 22:21:35.293375+00,2026-02-25 22:26:41.794739+00
314,EMP-566574,Добромысл Венедиктович Трофимов,добромысл.венедиктович.трофимов@kmkl.kmg.kz,1,3,65,2019-07-16,t,2026-02-25 22:21:35.293375+00,2026-02-25 22:26:41.794739+00
342,EMP-755867,Светлана Яковлевна Сорокина,светлана.яковлевна.сорокина@kmkl.kmg.kz,1,25,407,2017-08-14,t,2026-02-25 22:21:35.293375+00,2026-02-25 22:26:41.794739+00
356,EMP-166114,Селиверстова Вероника Григорьевна,селиверстова.вероника.григорьевна@kmkl.kmg.kz,1,3,407,2024-11-20,t,2026-02-25 22:21:35.293375+00,2026-02-25 22:26:41.794739+00
357,EMP-867835,г-н Белоусов Панкратий Власович,гн.белоусов.панкратий.власович@kmkl.kmg.kz,1,5,65,2017-12-13,t,2026-02-25 22:21:35.293375+00,2026-02-25 22:26:41.794739+00
358,EMP-479170,Николаева Ия Эльдаровна,николаева.ия.эльдаровна@kmkl.kmg.kz,1,4,407,2021-10-12,t,2026-02-25 22:21:35.293375+00,2026-02-25 22:26:41.794739+00
360,EMP-720313,Григорьева Клавдия Валериевна,григорьева.клавдия.валериевна@kmkl.kmg.kz,1,5,407,2020-11-08,t,2026-02-25 22:21:35.293375+00,2026-02-25 22:26:41.794739+00
363,EMP-785253,Феврония Львовна Галкина,феврония.львовна.галкина@kmkl.kmg.kz,1,1,65,2017-10-02,t,2026-02-25 22:21:35.293375+00,2026-02-25 22:26:41.794739+00
390,EMP-157852,Юдина Элеонора Романовна,юдина.элеонора.романовна@kmkl.kmg.kz,1,5,407,2025-06-15,t,2026-02-25 22:21:35.293375+00,2026-02-25 22:26:41.794739+00
444,EMP-249318,Виталий Викентьевич Ситников,виталий.викентьевич.ситников@kmkl.kmg.kz,1,4,65,2017-07-10,t,2026-02-25 22:21:35.293375+00,2026-02-25 22:26:41.794739+00
248,EMP-201593,Миронова Тамара Эдуардовна,миронова.тамара.эдуардовна@kmkl.kmg.kz,2,8,366,2024-11-27,t,2026-02-25 22:21:35.293375+00,2026-02-25 22:26:41.794739+00
346,EMP-498505,Людмила Ильинична Лаврентьева,людмила.ильинична.лаврентьева@kmkl.kmg.kz,2,7,366,2019-11-25,t,2026-02-25 22:21:35.293375+00,2026-02-25 22:26:41.794739+00
12,EMP-912403,Дарья Константиновна Шарапова,дарья.константиновна.шарапова@kmkl.kmg.kz,2,24,346,2022-02-10,t,2026-02-25 22:21:35.293375+00,2026-02-25 22:26:41.794739+00
26,EMP-822962,Федоров Фадей Брониславович,федоров.фадей.брониславович@kmkl.kmg.kz,2,7,248,2017-03-11,t,2026-02-25 22:21:35.293375+00,2026-02-25 22:26:41.794739+00
40,EMP-138249,Карпов Анисим Фролович,карпов.анисим.фролович@kmkl.kmg.kz,2,7,248,2020-04-24,t,2026-02-25 22:21:35.293375+00,2026-02-25 22:26:41.794739+00
42,EMP-959026,Октябрина Леонидовна Евсеева,октябрина.леонидовна.евсеева@kmkl.kmg.kz,2,24,248,2023-04-10,t,2026-02-25 22:21:35.293375+00,2026-02-25 22:26:41.794739+00
43,EMP-306361,Юлиан Матвеевич Ситников,юлиан.матвеевич.ситников@kmkl.kmg.kz,2,12,346,2018-02-17,t,2026-02-25 22:21:35.293375+00,2026-02-25 22:26:41.794739+00
50,EMP-525543,Архипова Иванна Евгеньевна,архипова.иванна.евгеньевна@kmkl.kmg.kz,2,6,346,2024-09-09,t,2026-02-25 22:21:35.293375+00,2026-02-25 22:26:41.794739+00
52,EMP-527055,Октябрина Алексеевна Игнатьева,октябрина.алексеевна.игнатьева@kmkl.kmg.kz,2,12,346,2019-01-28,t,2026-02-25 22:21:35.293375+00,2026-02-25 22:26:41.794739+00
64,EMP-948681,Лихачев Каллистрат Артурович,лихачев.каллистрат.артурович@kmkl.kmg.kz,2,8,248,2023-11-30,t,2026-02-25 22:21:35.293375+00,2026-02-25 22:26:41.794739+00
73,EMP-211612,Шубин Мстислав Иларионович,шубин.мстислав.иларионович@kmkl.kmg.kz,2,12,346,2024-12-23,t,2026-02-25 22:21:35.293375+00,2026-02-25 22:26:41.794739+00
82,EMP-464215,Евпраксия Мироновна Данилова,евпраксия.мироновна.данилова@kmkl.kmg.kz,2,12,248,2022-11-25,t,2026-02-25 22:21:35.293375+00,2026-02-25 22:26:41.794739+00
84,EMP-899539,Антип Филиппович Блинов,антип.филиппович.блинов@kmkl.kmg.kz,2,25,346,2019-07-04,t,2026-02-25 22:21:35.293375+00,2026-02-25 22:26:41.794739+00
94,EMP-907938,Кудряшов Эдуард Ааронович,кудряшов.эдуард.ааронович@kmkl.kmg.kz,2,7,248,2019-09-26,t,2026-02-25 22:21:35.293375+00,2026-02-25 22:26:41.794739+00
99,EMP-926359,Белякова Дарья Антоновна,белякова.дарья.антоновна@kmkl.kmg.kz,2,12,248,2019-12-15,t,2026-02-25 22:21:35.293375+00,2026-02-25 22:26:41.794739+00
117,EMP-506880,Сафонова София Степановна,сафонова.софия.степановна@kmkl.kmg.kz,2,24,346,2025-04-26,t,2026-02-25 22:21:35.293375+00,2026-02-25 22:26:41.794739+00
131,EMP-264408,Турова Милица Романовна,турова.милица.романовна@kmkl.kmg.kz,2,7,248,2024-09-29,t,2026-02-25 22:21:35.293375+00,2026-02-25 22:26:41.794739+00
133,EMP-409501,Давыдов Ипат Глебович,давыдов.ипат.глебович@kmkl.kmg.kz,2,12,346,2023-05-06,f,2026-02-25 22:21:35.293375+00,2026-02-25 22:26:41.794739+00
135,EMP-554813,Лукия Геннадьевна Тимофеева,лукия.геннадьевна.тимофеева@kmkl.kmg.kz,2,25,248,2018-11-06,t,2026-02-25 22:21:35.293375+00,2026-02-25 22:26:41.794739+00
136,EMP-577784,Кулагин Владилен Зиновьевич,кулагин.владилен.зиновьевич@kmkl.kmg.kz,2,25,248,2023-01-24,t,2026-02-25 22:21:35.293375+00,2026-02-25 22:26:41.794739+00
137,EMP-269385,Александр Филиппович Брагин,александр.филиппович.брагин@kmkl.kmg.kz,2,25,248,2022-08-12,t,2026-02-25 22:21:35.293375+00,2026-02-25 22:26:41.794739+00
157,EMP-354919,г-жа Сергеева Елена Валентиновна,гжа.сергеева.елена.валентиновна@kmkl.kmg.kz,2,24,346,2025-04-26,t,2026-02-25 22:21:35.293375+00,2026-02-25 22:26:41.794739+00
163,EMP-782261,тов. Крюков Иларион Ерофеевич,тов.крюков.иларион.ерофеевич@kmkl.kmg.kz,2,24,346,2022-01-21,t,2026-02-25 22:21:35.293375+00,2026-02-25 22:26:41.794739+00
181,EMP-216176,Элеонора Рудольфовна Фомичева,элеонора.рудольфовна.фомичева@kmkl.kmg.kz,2,6,248,2018-12-12,t,2026-02-25 22:21:35.293375+00,2026-02-25 22:26:41.794739+00
197,EMP-473816,Носов Осип Фёдорович,носов.осип.фёдорович@kmkl.kmg.kz,2,25,346,2023-10-02,t,2026-02-25 22:21:35.293375+00,2026-02-25 22:26:41.794739+00
198,EMP-124573,Красильникова Ксения Олеговна,красильникова.ксения.олеговна@kmkl.kmg.kz,2,24,248,2017-02-17,t,2026-02-25 22:21:35.293375+00,2026-02-25 22:26:41.794739+00
203,EMP-203728,Стрелков Август Ермилович,стрелков.август.ермилович@kmkl.kmg.kz,2,12,346,2025-09-05,t,2026-02-25 22:21:35.293375+00,2026-02-25 22:26:41.794739+00
211,EMP-716625,Лаврентий Димитриевич Ильин,лаврентий.димитриевич.ильин@kmkl.kmg.kz,2,25,346,2020-08-21,f,2026-02-25 22:21:35.293375+00,2026-02-25 22:26:41.794739+00
219,EMP-522557,Анисим Якубович Кондратьев,анисим.якубович.кондратьев@kmkl.kmg.kz,2,6,248,2019-12-13,t,2026-02-25 22:21:35.293375+00,2026-02-25 22:26:41.794739+00
230,EMP-689282,Платон Артурович Фролов,платон.артурович.фролов@kmkl.kmg.kz,2,7,248,2025-12-27,t,2026-02-25 22:21:35.293375+00,2026-02-25 22:26:41.794739+00
235,EMP-785638,Нина Рудольфовна Пестова,нина.рудольфовна.пестова@kmkl.kmg.kz,2,24,346,2018-09-27,t,2026-02-25 22:21:35.293375+00,2026-02-25 22:26:41.794739+00
239,EMP-670478,Евдокия Харитоновна Зиновьева,евдокия.харитоновна.зиновьева@kmkl.kmg.kz,2,12,248,2022-12-28,t,2026-02-25 22:21:35.293375+00,2026-02-25 22:26:41.794739+00
243,EMP-602494,Терентьев Мартын Богданович,терентьев.мартын.богданович@kmkl.kmg.kz,2,6,248,2025-04-26,t,2026-02-25 22:21:35.293375+00,2026-02-25 22:26:41.794739+00
103,EMP-387255,тов. Григорьев Эрнест Юлианович,тов.григорьев.эрнест.юлианович@kmkl.kmg.kz,1,6,,2020-03-01,t,2026-02-25 22:21:35.293375+00,2026-02-25 22:26:41.794739+00
113,EMP-951451,Цветков Влас Фокич,цветков.влас.фокич@kmkl.kmg.kz,8,21,88,2024-05-30,t,2026-02-25 22:21:35.293375+00,2026-02-25 22:26:41.794739+00
251,EMP-869436,Назаров Дмитрий Аксёнович,назаров.дмитрий.аксёнович@kmkl.kmg.kz,2,8,346,2019-11-19,f,2026-02-25 22:21:35.293375+00,2026-02-25 22:26:41.794739+00
252,EMP-456229,г-жа Шестакова Майя Эльдаровна,гжа.шестакова.майя.эльдаровна@kmkl.kmg.kz,2,7,346,2019-12-14,t,2026-02-25 22:21:35.293375+00,2026-02-25 22:26:41.794739+00
253,EMP-771977,Ситникова Агата Сергеевна,ситникова.агата.сергеевна@kmkl.kmg.kz,2,6,248,2018-09-18,t,2026-02-25 22:21:35.293375+00,2026-02-25 22:26:41.794739+00
277,EMP-605016,Онуфрий Ефремович Дементьев,онуфрий.ефремович.дементьев@kmkl.kmg.kz,2,7,248,2018-02-01,t,2026-02-25 22:21:35.293375+00,2026-02-25 22:26:41.794739+00
279,EMP-951926,Наина Мироновна Носова,наина.мироновна.носова@kmkl.kmg.kz,2,25,346,2021-01-22,t,2026-02-25 22:21:35.293375+00,2026-02-25 22:26:41.794739+00
289,EMP-132563,Сысоева Василиса Федоровна,сысоева.василиса.федоровна@kmkl.kmg.kz,2,6,248,2017-01-16,t,2026-02-25 22:21:35.293375+00,2026-02-25 22:26:41.794739+00
300,EMP-865179,Архип Бориславович Агафонов,архип.бориславович.агафонов@kmkl.kmg.kz,2,12,248,2021-10-24,t,2026-02-25 22:21:35.293375+00,2026-02-25 22:26:41.794739+00
305,EMP-625593,Кириллов Максим Ефимьевич,кириллов.максим.ефимьевич@kmkl.kmg.kz,2,12,248,2021-10-26,t,2026-02-25 22:21:35.293375+00,2026-02-25 22:26:41.794739+00
318,EMP-140423,Герасимова Акулина Львовна,герасимова.акулина.львовна@kmkl.kmg.kz,2,12,248,2025-02-13,t,2026-02-25 22:21:35.293375+00,2026-02-25 22:26:41.794739+00
319,EMP-571724,Агата Оскаровна Шарапова,агата.оскаровна.шарапова@kmkl.kmg.kz,2,8,248,2020-06-11,f,2026-02-25 22:21:35.293375+00,2026-02-25 22:26:41.794739+00
334,EMP-121140,Арсений Артёмович Фокин,арсений.артёмович.фокин@kmkl.kmg.kz,2,6,248,2017-12-12,t,2026-02-25 22:21:35.293375+00,2026-02-25 22:26:41.794739+00
345,EMP-166576,Алла Сергеевна Большакова,алла.сергеевна.большакова@kmkl.kmg.kz,2,7,346,2020-02-18,t,2026-02-25 22:21:35.293375+00,2026-02-25 22:26:41.794739+00
355,EMP-110700,Никита Матвеевич Ситников,никита.матвеевич.ситников@kmkl.kmg.kz,2,25,248,2022-08-15,t,2026-02-25 22:21:35.293375+00,2026-02-25 22:26:41.794739+00
364,EMP-710346,Ирина Алексеевна Никонова,ирина.алексеевна.никонова@kmkl.kmg.kz,2,7,248,2022-01-13,t,2026-02-25 22:21:35.293375+00,2026-02-25 22:26:41.794739+00
389,EMP-523153,Виктория Вячеславовна Юдина,виктория.вячеславовна.юдина@kmkl.kmg.kz,2,7,248,2018-10-15,f,2026-02-25 22:21:35.293375+00,2026-02-25 22:26:41.794739+00
396,EMP-309198,Лебедев Феофан Ааронович,лебедев.феофан.ааронович@kmkl.kmg.kz,2,6,346,2020-11-14,t,2026-02-25 22:21:35.293375+00,2026-02-25 22:26:41.794739+00
423,EMP-143872,Кудряшова Антонина Тимофеевна,кудряшова.антонина.тимофеевна@kmkl.kmg.kz,2,8,248,2021-10-17,t,2026-02-25 22:21:35.293375+00,2026-02-25 22:26:41.794739+00
427,EMP-853070,Регина Егоровна Князева,регина.егоровна.князева@kmkl.kmg.kz,2,7,248,2025-08-04,t,2026-02-25 22:21:35.293375+00,2026-02-25 22:26:41.794739+00
430,EMP-360322,Мухин Демьян Бориславович,мухин.демьян.бориславович@kmkl.kmg.kz,2,12,346,2019-06-08,t,2026-02-25 22:21:35.293375+00,2026-02-25 22:26:41.794739+00
438,EMP-761576,Ираида Даниловна Григорьева,ираида.даниловна.григорьева@kmkl.kmg.kz,2,12,346,2021-03-26,t,2026-02-25 22:21:35.293375+00,2026-02-25 22:26:41.794739+00
443,EMP-103230,Ильина Феврония Антоновна,ильина.феврония.антоновна@kmkl.kmg.kz,2,25,248,2025-04-30,t,2026-02-25 22:21:35.293375+00,2026-02-25 22:26:41.794739+00
425,EMP-860555,Никонова Валерия Максимовна,никонова.валерия.максимовна@kmkl.kmg.kz,3,24,367,2024-02-03,t,2026-02-25 22:21:35.293375+00,2026-02-25 22:26:41.794739+00
172,EMP-285911,Светлана Львовна Калашникова,светлана.львовна.калашникова@kmkl.kmg.kz,3,10,367,2021-09-01,t,2026-02-25 22:21:35.293375+00,2026-02-25 22:26:41.794739+00
3,EMP-320870,Фаина Николаевна Архипова,фаина.николаевна.архипова@kmkl.kmg.kz,3,10,425,2020-01-13,t,2026-02-25 22:21:35.293375+00,2026-02-25 22:26:41.794739+00
20,EMP-412846,Игнатова Елена Николаевна,игнатова.елена.николаевна@kmkl.kmg.kz,3,9,172,2020-04-24,t,2026-02-25 22:21:35.293375+00,2026-02-25 22:26:41.794739+00
28,EMP-210780,Алина Григорьевна Юдина,алина.григорьевна.юдина@kmkl.kmg.kz,3,9,425,2025-10-14,t,2026-02-25 22:21:35.293375+00,2026-02-25 22:26:41.794739+00
34,EMP-595863,Жукова Зинаида Кирилловна,жукова.зинаида.кирилловна@kmkl.kmg.kz,3,17,172,2025-06-01,f,2026-02-25 22:21:35.293375+00,2026-02-25 22:26:41.794739+00
39,EMP-818133,Шарова Нинель Анатольевна,шарова.нинель.анатольевна@kmkl.kmg.kz,3,24,425,2020-08-27,t,2026-02-25 22:21:35.293375+00,2026-02-25 22:26:41.794739+00
44,EMP-723246,Ковалев Потап Данилович,ковалев.потап.данилович@kmkl.kmg.kz,3,10,172,2020-12-08,t,2026-02-25 22:21:35.293375+00,2026-02-25 22:26:41.794739+00
46,EMP-412321,Валерия Яковлевна Беспалова,валерия.яковлевна.беспалова@kmkl.kmg.kz,3,12,172,2021-05-02,t,2026-02-25 22:21:35.293375+00,2026-02-25 22:26:41.794739+00
53,EMP-531323,Кошелев Милан Жанович,кошелев.милан.жанович@kmkl.kmg.kz,3,12,172,2022-01-22,t,2026-02-25 22:21:35.293375+00,2026-02-25 22:26:41.794739+00
62,EMP-423494,Маргарита Никифоровна Попова,маргарита.никифоровна.попова@kmkl.kmg.kz,3,9,425,2020-02-04,t,2026-02-25 22:21:35.293375+00,2026-02-25 22:26:41.794739+00
83,EMP-649216,Сила Ярославович Калашников,сила.ярославович.калашников@kmkl.kmg.kz,3,11,425,2017-12-17,t,2026-02-25 22:21:35.293375+00,2026-02-25 22:26:41.794739+00
100,EMP-133133,Мирослав Ааронович Муравьев,мирослав.ааронович.муравьев@kmkl.kmg.kz,3,16,425,2023-04-19,t,2026-02-25 22:21:35.293375+00,2026-02-25 22:26:41.794739+00
109,EMP-935805,Самойлов Ян Устинович,самойлов.ян.устинович@kmkl.kmg.kz,3,12,425,2018-10-07,f,2026-02-25 22:21:35.293375+00,2026-02-25 22:26:41.794739+00
111,EMP-753201,Белов Боян Марсович,белов.боян.марсович@kmkl.kmg.kz,3,12,172,2023-09-12,t,2026-02-25 22:21:35.293375+00,2026-02-25 22:26:41.794739+00
112,EMP-891004,Калинин Фока Власович,калинин.фока.власович@kmkl.kmg.kz,3,12,172,2018-10-30,t,2026-02-25 22:21:35.293375+00,2026-02-25 22:26:41.794739+00
119,EMP-368026,Лариса Станиславовна Маслова,лариса.станиславовна.маслова@kmkl.kmg.kz,3,24,425,2024-01-02,t,2026-02-25 22:21:35.293375+00,2026-02-25 22:26:41.794739+00
132,EMP-930228,Калинина Кира Семеновна,калинина.кира.семеновна@kmkl.kmg.kz,3,24,172,2018-09-15,t,2026-02-25 22:21:35.293375+00,2026-02-25 22:26:41.794739+00
140,EMP-832644,Фомичева Евдокия Яковлевна,фомичева.евдокия.яковлевна@kmkl.kmg.kz,3,25,172,2023-12-13,t,2026-02-25 22:21:35.293375+00,2026-02-25 22:26:41.794739+00
143,EMP-836659,Исаева София Робертовна,исаева.софия.робертовна@kmkl.kmg.kz,3,17,425,2017-01-24,t,2026-02-25 22:21:35.293375+00,2026-02-25 22:26:41.794739+00
147,EMP-385857,Кулагина Любовь Рудольфовна,кулагина.любовь.рудольфовна@kmkl.kmg.kz,3,11,425,2022-08-01,t,2026-02-25 22:21:35.293375+00,2026-02-25 22:26:41.794739+00
156,EMP-319831,Белов Мирон Ермилович,белов.мирон.ермилович@kmkl.kmg.kz,3,9,425,2018-02-27,t,2026-02-25 22:21:35.293375+00,2026-02-25 22:26:41.794739+00
162,EMP-870529,Лихачев Арефий Тарасович,лихачев.арефий.тарасович@kmkl.kmg.kz,3,9,172,2022-06-09,t,2026-02-25 22:21:35.293375+00,2026-02-25 22:26:41.794739+00
164,EMP-247393,Варвара Станиславовна Соколова,варвара.станиславовна.соколова@kmkl.kmg.kz,3,9,425,2022-05-28,t,2026-02-25 22:21:35.293375+00,2026-02-25 22:26:41.794739+00
165,EMP-206260,Елизавета Тимуровна Борисова,елизавета.тимуровна.борисова@kmkl.kmg.kz,3,12,172,2023-09-06,t,2026-02-25 22:21:35.293375+00,2026-02-25 22:26:41.794739+00
167,EMP-320330,Молчанов Ипполит Егорович,молчанов.ипполит.егорович@kmkl.kmg.kz,3,9,172,2021-05-20,t,2026-02-25 22:21:35.293375+00,2026-02-25 22:26:41.794739+00
169,EMP-592043,Субботин Ипат Федотович,субботин.ипат.федотович@kmkl.kmg.kz,3,17,425,2024-01-12,t,2026-02-25 22:21:35.293375+00,2026-02-25 22:26:41.794739+00
170,EMP-667229,Беспалов Леонтий Федотович,беспалов.леонтий.федотович@kmkl.kmg.kz,3,11,425,2025-12-13,t,2026-02-25 22:21:35.293375+00,2026-02-25 22:26:41.794739+00
177,EMP-237323,Евгения Святославовна Миронова,евгения.святославовна.миронова@kmkl.kmg.kz,3,24,425,2021-03-02,t,2026-02-25 22:21:35.293375+00,2026-02-25 22:26:41.794739+00
184,EMP-629572,Олимпиада Ниловна Игнатьева,олимпиада.ниловна.игнатьева@kmkl.kmg.kz,3,17,425,2023-04-26,f,2026-02-25 22:21:35.293375+00,2026-02-25 22:26:41.794739+00
186,EMP-499682,Анжелика Георгиевна Колесникова,анжелика.георгиевна.колесникова@kmkl.kmg.kz,3,12,425,2020-01-18,t,2026-02-25 22:21:35.293375+00,2026-02-25 22:26:41.794739+00
200,EMP-100148,Силин Азарий Арсеньевич,силин.азарий.арсеньевич@kmkl.kmg.kz,3,12,172,2022-02-22,t,2026-02-25 22:21:35.293375+00,2026-02-25 22:26:41.794739+00
205,EMP-422407,Белоусова Элеонора Георгиевна,белоусова.элеонора.георгиевна@kmkl.kmg.kz,3,10,425,2018-04-09,t,2026-02-25 22:21:35.293375+00,2026-02-25 22:26:41.794739+00
206,EMP-459087,Михеева Агафья Анатольевна,михеева.агафья.анатольевна@kmkl.kmg.kz,3,11,425,2021-05-03,t,2026-02-25 22:21:35.293375+00,2026-02-25 22:26:41.794739+00
214,EMP-475472,Руслан Ермолаевич Пестов,руслан.ермолаевич.пестов@kmkl.kmg.kz,3,16,425,2022-02-06,t,2026-02-25 22:21:35.293375+00,2026-02-25 22:26:41.794739+00
218,EMP-587205,Крюков Осип Устинович,крюков.осип.устинович@kmkl.kmg.kz,3,17,425,2018-11-12,t,2026-02-25 22:21:35.293375+00,2026-02-25 22:26:41.794739+00
224,EMP-353194,Олимпиада Святославовна Воробьева,олимпиада.святославовна.воробьева@kmkl.kmg.kz,3,12,425,2019-07-19,f,2026-02-25 22:21:35.293375+00,2026-02-25 22:26:41.794739+00
229,EMP-962815,Пелагея Геннадиевна Козлова,пелагея.геннадиевна.козлова@kmkl.kmg.kz,3,16,425,2022-09-25,t,2026-02-25 22:21:35.293375+00,2026-02-25 22:26:41.794739+00
245,EMP-408735,Кира Валериевна Селиверстова,кира.валериевна.селиверстова@kmkl.kmg.kz,3,24,172,2017-08-15,t,2026-02-25 22:21:35.293375+00,2026-02-25 22:26:41.794739+00
260,EMP-559539,Лазарь Харлампьевич Киселев,лазарь.харлампьевич.киселев@kmkl.kmg.kz,3,24,425,2021-12-29,t,2026-02-25 22:21:35.293375+00,2026-02-25 22:26:41.794739+00
261,EMP-537433,Соболев Святополк Гавриилович,соболев.святополк.гавриилович@kmkl.kmg.kz,3,25,425,2025-10-06,t,2026-02-25 22:21:35.293375+00,2026-02-25 22:26:41.794739+00
268,EMP-765643,Клавдий Фадеевич Некрасов,клавдий.фадеевич.некрасов@kmkl.kmg.kz,3,25,172,2018-01-30,t,2026-02-25 22:21:35.293375+00,2026-02-25 22:26:41.794739+00
280,EMP-645907,Вениамин Валентинович Сорокин,вениамин.валентинович.сорокин@kmkl.kmg.kz,3,10,172,2025-02-09,f,2026-02-25 22:21:35.293375+00,2026-02-25 22:26:41.794739+00
286,EMP-249280,Макарова Маргарита Юльевна,макарова.маргарита.юльевна@kmkl.kmg.kz,3,10,425,2019-01-15,t,2026-02-25 22:21:35.293375+00,2026-02-25 22:26:41.794739+00
294,EMP-366052,Мартьян Валерьянович Жуков,мартьян.валерьянович.жуков@kmkl.kmg.kz,3,25,172,2023-07-27,t,2026-02-25 22:21:35.293375+00,2026-02-25 22:26:41.794739+00
307,EMP-414724,Виктор Фомич Хохлов,виктор.фомич.хохлов@kmkl.kmg.kz,3,10,172,2024-03-25,f,2026-02-25 22:21:35.293375+00,2026-02-25 22:26:41.794739+00
310,EMP-152327,Маркова Зоя Робертовна,маркова.зоя.робертовна@kmkl.kmg.kz,3,9,425,2023-04-06,t,2026-02-25 22:21:35.293375+00,2026-02-25 22:26:41.794739+00
312,EMP-512597,Ладимир Артурович Исаков,ладимир.артурович.исаков@kmkl.kmg.kz,3,24,172,2017-11-05,t,2026-02-25 22:21:35.293375+00,2026-02-25 22:26:41.794739+00
322,EMP-924493,Михайлов Никандр Еремеевич,михайлов.никандр.еремеевич@kmkl.kmg.kz,3,11,172,2018-02-19,t,2026-02-25 22:21:35.293375+00,2026-02-25 22:26:41.794739+00
333,EMP-639375,Людмила Робертовна Назарова,людмила.робертовна.назарова@kmkl.kmg.kz,3,16,425,2023-04-05,t,2026-02-25 22:21:35.293375+00,2026-02-25 22:26:41.794739+00
362,EMP-820413,Кузьмина Ия Аркадьевна,кузьмина.ия.аркадьевна@kmkl.kmg.kz,3,24,425,2018-09-03,t,2026-02-25 22:21:35.293375+00,2026-02-25 22:26:41.794739+00
369,EMP-306901,Регина Натановна Беспалова,регина.натановна.беспалова@kmkl.kmg.kz,3,10,172,2020-02-05,t,2026-02-25 22:21:35.293375+00,2026-02-25 22:26:41.794739+00
378,EMP-523759,Якушев Пимен Георгиевич,якушев.пимен.георгиевич@kmkl.kmg.kz,3,25,172,2022-07-30,t,2026-02-25 22:21:35.293375+00,2026-02-25 22:26:41.794739+00
381,EMP-717981,Комарова Светлана Руслановна,комарова.светлана.руслановна@kmkl.kmg.kz,3,9,172,2025-12-01,t,2026-02-25 22:21:35.293375+00,2026-02-25 22:26:41.794739+00
384,EMP-832103,Агата Ниловна Тетерина,агата.ниловна.тетерина@kmkl.kmg.kz,3,11,425,2017-06-16,t,2026-02-25 22:21:35.293375+00,2026-02-25 22:26:41.794739+00
392,EMP-777626,Селиверстова Анжелика Аркадьевна,селиверстова.анжелика.аркадьевна@kmkl.kmg.kz,3,9,172,2020-07-26,t,2026-02-25 22:21:35.293375+00,2026-02-25 22:26:41.794739+00
395,EMP-523904,Лукия Тарасовна Вишнякова,лукия.тарасовна.вишнякова@kmkl.kmg.kz,3,10,425,2019-10-28,t,2026-02-25 22:21:35.293375+00,2026-02-25 22:26:41.794739+00
400,EMP-435917,Ювеналий Афанасьевич Прохоров,ювеналий.афанасьевич.прохоров@kmkl.kmg.kz,3,9,425,2018-01-11,t,2026-02-25 22:21:35.293375+00,2026-02-25 22:26:41.794739+00
408,EMP-162817,Вячеслав Демьянович Комиссаров,вячеслав.демьянович.комиссаров@kmkl.kmg.kz,3,25,425,2021-12-29,t,2026-02-25 22:21:35.293375+00,2026-02-25 22:26:41.794739+00
429,EMP-714766,Назаров Поликарп Харлампьевич,назаров.поликарп.харлампьевич@kmkl.kmg.kz,3,17,425,2024-11-04,t,2026-02-25 22:21:35.293375+00,2026-02-25 22:26:41.794739+00
435,EMP-539322,Рюрик Феоктистович Корнилов,рюрик.феоктистович.корнилов@kmkl.kmg.kz,3,12,425,2021-01-22,t,2026-02-25 22:21:35.293375+00,2026-02-25 22:26:41.794739+00
439,EMP-825830,Николаев Ратибор Евстигнеевич,николаев.ратибор.евстигнеевич@kmkl.kmg.kz,3,16,172,2017-11-20,t,2026-02-25 22:21:35.293375+00,2026-02-25 22:26:41.794739+00
450,EMP-865318,Мишин Сергей Владиславович,мишин.сергей.владиславович@kmkl.kmg.kz,3,25,172,2024-10-10,f,2026-02-25 22:21:35.293375+00,2026-02-25 22:26:41.794739+00
18,EMP-749681,Кошелева Ирина Кузьминична,кошелева.ирина.кузьминична@kmkl.kmg.kz,4,10,437,2022-07-24,t,2026-02-25 22:21:35.293375+00,2026-02-25 22:26:41.794739+00
47,EMP-753448,Анжелика Эльдаровна Белова,анжелика.эльдаровна.белова@kmkl.kmg.kz,4,17,437,2023-01-11,t,2026-02-25 22:21:35.293375+00,2026-02-25 22:26:41.794739+00
1,EMP-971760,Красильников Нифонт Эдгардович,красильников.нифонт.эдгардович@kmkl.kmg.kz,4,9,18,2025-05-31,t,2026-02-25 22:21:35.293375+00,2026-02-25 22:26:41.794739+00
6,EMP-923143,Ирина Борисовна Зуева,ирина.борисовна.зуева@kmkl.kmg.kz,4,24,47,2024-12-27,t,2026-02-25 22:21:35.293375+00,2026-02-25 22:26:41.794739+00
29,EMP-942801,Алексеева Алевтина Ивановна,алексеева.алевтина.ивановна@kmkl.kmg.kz,4,10,18,2023-11-19,t,2026-02-25 22:21:35.293375+00,2026-02-25 22:26:41.794739+00
31,EMP-520199,Александр Гурьевич Никитин,александр.гурьевич.никитин@kmkl.kmg.kz,4,11,18,2025-09-04,t,2026-02-25 22:21:35.293375+00,2026-02-25 22:26:41.794739+00
35,EMP-749722,Меркушева Любовь Геннадиевна,меркушева.любовь.геннадиевна@kmkl.kmg.kz,4,9,18,2022-06-08,f,2026-02-25 22:21:35.293375+00,2026-02-25 22:26:41.794739+00
49,EMP-182526,Лариса Никифоровна Антонова,лариса.никифоровна.антонова@kmkl.kmg.kz,4,25,47,2018-02-15,t,2026-02-25 22:21:35.293375+00,2026-02-25 22:26:41.794739+00
56,EMP-806040,Туров Валентин Димитриевич,туров.валентин.димитриевич@kmkl.kmg.kz,4,25,18,2022-02-23,t,2026-02-25 22:21:35.293375+00,2026-02-25 22:26:41.794739+00
68,EMP-734615,Зайцев Гордей Феодосьевич,зайцев.гордей.феодосьевич@kmkl.kmg.kz,4,10,18,2022-02-09,t,2026-02-25 22:21:35.293375+00,2026-02-25 22:26:41.794739+00
75,EMP-645797,Екатерина Архиповна Давыдова,екатерина.архиповна.давыдова@kmkl.kmg.kz,4,11,47,2023-10-23,t,2026-02-25 22:21:35.293375+00,2026-02-25 22:26:41.794739+00
85,EMP-792944,Ермил Феофанович Казаков,ермил.феофанович.казаков@kmkl.kmg.kz,4,12,18,2024-03-22,t,2026-02-25 22:21:35.293375+00,2026-02-25 22:26:41.794739+00
87,EMP-821533,Алексей Зиновьевич Некрасов,алексей.зиновьевич.некрасов@kmkl.kmg.kz,4,10,47,2017-11-16,t,2026-02-25 22:21:35.293375+00,2026-02-25 22:26:41.794739+00
102,EMP-986296,Ратибор Феоктистович Орехов,ратибор.феоктистович.орехов@kmkl.kmg.kz,4,16,47,2024-11-23,t,2026-02-25 22:21:35.293375+00,2026-02-25 22:26:41.794739+00
105,EMP-797363,Марфа Макаровна Исакова,марфа.макаровна.исакова@kmkl.kmg.kz,4,17,18,2022-01-04,t,2026-02-25 22:21:35.293375+00,2026-02-25 22:26:41.794739+00
123,EMP-358179,Смирнов Николай Евсеевич,смирнов.николай.евсеевич@kmkl.kmg.kz,4,25,18,2019-03-11,t,2026-02-25 22:21:35.293375+00,2026-02-25 22:26:41.794739+00
126,EMP-471151,Шарапов Филимон Борисович,шарапов.филимон.борисович@kmkl.kmg.kz,4,17,47,2021-07-02,f,2026-02-25 22:21:35.293375+00,2026-02-25 22:26:41.794739+00
127,EMP-717296,Русакова Виктория Михайловна,русакова.виктория.михайловна@kmkl.kmg.kz,4,24,18,2018-05-28,t,2026-02-25 22:21:35.293375+00,2026-02-25 22:26:41.794739+00
145,EMP-182775,Селезнева Милица Геннадьевна,селезнева.милица.геннадьевна@kmkl.kmg.kz,4,25,47,2024-01-06,t,2026-02-25 22:21:35.293375+00,2026-02-25 22:26:41.794739+00
154,EMP-652323,Никанор Юлианович Воронов,никанор.юлианович.воронов@kmkl.kmg.kz,4,12,18,2021-11-25,t,2026-02-25 22:21:35.293375+00,2026-02-25 22:26:41.794739+00
160,EMP-452975,Лобанов Александр Игнатьевич,лобанов.александр.игнатьевич@kmkl.kmg.kz,4,12,18,2019-06-09,t,2026-02-25 22:21:35.293375+00,2026-02-25 22:26:41.794739+00
161,EMP-999727,Симонов Мокей Иларионович,симонов.мокей.иларионович@kmkl.kmg.kz,4,25,18,2022-09-09,t,2026-02-25 22:21:35.293375+00,2026-02-25 22:26:41.794739+00
171,EMP-363279,Лукина Таисия Ниловна,лукина.таисия.ниловна@kmkl.kmg.kz,4,16,18,2017-03-10,t,2026-02-25 22:21:35.293375+00,2026-02-25 22:26:41.794739+00
178,EMP-585662,Лихачев Климент Устинович,лихачев.климент.устинович@kmkl.kmg.kz,4,17,18,2025-10-08,t,2026-02-25 22:21:35.293375+00,2026-02-25 22:26:41.794739+00
187,EMP-952279,Макаров Илья Теймуразович,макаров.илья.теймуразович@kmkl.kmg.kz,4,16,47,2023-11-10,f,2026-02-25 22:21:35.293375+00,2026-02-25 22:26:41.794739+00
199,EMP-714715,Анисимова Жанна Николаевна,анисимова.жанна.николаевна@kmkl.kmg.kz,4,24,47,2023-04-23,t,2026-02-25 22:21:35.293375+00,2026-02-25 22:26:41.794739+00
201,EMP-940411,Вера Эльдаровна Прохорова,вера.эльдаровна.прохорова@kmkl.kmg.kz,4,9,18,2022-12-23,t,2026-02-25 22:21:35.293375+00,2026-02-25 22:26:41.794739+00
215,EMP-571239,Осипова Жанна Геннадьевна,осипова.жанна.геннадьевна@kmkl.kmg.kz,4,24,18,2019-05-05,t,2026-02-25 22:21:35.293375+00,2026-02-25 22:26:41.794739+00
220,EMP-145898,Элеонора Болеславовна Виноградова,элеонора.болеславовна.виноградова@kmkl.kmg.kz,4,12,47,2019-06-02,t,2026-02-25 22:21:35.293375+00,2026-02-25 22:26:41.794739+00
221,EMP-996362,Мартынова Акулина Алексеевна,мартынова.акулина.алексеевна@kmkl.kmg.kz,4,24,47,2018-03-02,t,2026-02-25 22:21:35.293375+00,2026-02-25 22:26:41.794739+00
234,EMP-518602,Олимпиада Георгиевна Макарова,олимпиада.георгиевна.макарова@kmkl.kmg.kz,4,12,18,2019-03-20,t,2026-02-25 22:21:35.293375+00,2026-02-25 22:26:41.794739+00
237,EMP-415448,Марина Геннадиевна Мясникова,марина.геннадиевна.мясникова@kmkl.kmg.kz,4,25,47,2021-07-14,t,2026-02-25 22:21:35.293375+00,2026-02-25 22:26:41.794739+00
254,EMP-902519,Элеонора Викторовна Новикова,элеонора.викторовна.новикова@kmkl.kmg.kz,4,17,47,2020-08-29,t,2026-02-25 22:21:35.293375+00,2026-02-25 22:26:41.794739+00
257,EMP-920940,Евгения Натановна Фомичева,евгения.натановна.фомичева@kmkl.kmg.kz,4,10,47,2017-09-01,t,2026-02-25 22:21:35.293375+00,2026-02-25 22:26:41.794739+00
278,EMP-818957,Зинаида Егоровна Киселева,зинаида.егоровна.киселева@kmkl.kmg.kz,4,24,18,2021-12-04,t,2026-02-25 22:21:35.293375+00,2026-02-25 22:26:41.794739+00
284,EMP-679269,Пономарев Ладислав Всеволодович,пономарев.ладислав.всеволодович@kmkl.kmg.kz,4,9,18,2019-11-27,t,2026-02-25 22:21:35.293375+00,2026-02-25 22:26:41.794739+00
285,EMP-758806,Анастасия Филипповна Дорофеева,анастасия.филипповна.дорофеева@kmkl.kmg.kz,4,25,18,2022-04-14,t,2026-02-25 22:21:35.293375+00,2026-02-25 22:26:41.794739+00
304,EMP-570198,Антонов Ипат Григорьевич,антонов.ипат.григорьевич@kmkl.kmg.kz,4,17,47,2017-12-20,t,2026-02-25 22:21:35.293375+00,2026-02-25 22:26:41.794739+00
306,EMP-978282,Кузьма Захарьевич Кошелев,кузьма.захарьевич.кошелев@kmkl.kmg.kz,4,11,47,2022-11-07,t,2026-02-25 22:21:35.293375+00,2026-02-25 22:26:41.794739+00
317,EMP-927853,Крылов Епифан Фёдорович,крылов.епифан.фёдорович@kmkl.kmg.kz,4,11,18,2018-02-19,t,2026-02-25 22:21:35.293375+00,2026-02-25 22:26:41.794739+00
321,EMP-688882,Савин Филимон Феоктистович,савин.филимон.феоктистович@kmkl.kmg.kz,4,10,18,2022-04-06,t,2026-02-25 22:21:35.293375+00,2026-02-25 22:26:41.794739+00
323,EMP-731514,Дьячков Модест Филиппович,дьячков.модест.филиппович@kmkl.kmg.kz,4,17,18,2018-10-04,t,2026-02-25 22:21:35.293375+00,2026-02-25 22:26:41.794739+00
336,EMP-277875,Алексеев Ладислав Жанович,алексеев.ладислав.жанович@kmkl.kmg.kz,4,16,18,2023-05-21,t,2026-02-25 22:21:35.293375+00,2026-02-25 22:26:41.794739+00
337,EMP-813287,Блинов Владлен Александрович,блинов.владлен.александрович@kmkl.kmg.kz,4,11,47,2024-12-25,f,2026-02-25 22:21:35.293375+00,2026-02-25 22:26:41.794739+00
340,EMP-917258,Фома Борисович Шилов,фома.борисович.шилов@kmkl.kmg.kz,4,11,18,2022-05-13,t,2026-02-25 22:21:35.293375+00,2026-02-25 22:26:41.794739+00
341,EMP-532579,Морозов Селиван Фадеевич,морозов.селиван.фадеевич@kmkl.kmg.kz,4,17,18,2019-02-20,t,2026-02-25 22:21:35.293375+00,2026-02-25 22:26:41.794739+00
343,EMP-217377,Воронцова Евфросиния Константиновна,воронцова.евфросиния.константиновна@kmkl.kmg.kz,4,10,18,2017-02-06,t,2026-02-25 22:21:35.293375+00,2026-02-25 22:26:41.794739+00
361,EMP-136445,Полина Леоновна Мухина,полина.леоновна.мухина@kmkl.kmg.kz,4,12,18,2025-07-30,t,2026-02-25 22:21:35.293375+00,2026-02-25 22:26:41.794739+00
372,EMP-992785,Ярополк Августович Сергеев,ярополк.августович.сергеев@kmkl.kmg.kz,4,10,18,2019-06-14,t,2026-02-25 22:21:35.293375+00,2026-02-25 22:26:41.794739+00
387,EMP-724263,Тамара Кузьминична Тимофеева,тамара.кузьминична.тимофеева@kmkl.kmg.kz,4,16,47,2023-09-03,t,2026-02-25 22:21:35.293375+00,2026-02-25 22:26:41.794739+00
391,EMP-514364,Андроник Ааронович Сысоев,андроник.ааронович.сысоев@kmkl.kmg.kz,4,24,18,2021-08-15,t,2026-02-25 22:21:35.293375+00,2026-02-25 22:26:41.794739+00
393,EMP-940814,Захарова Марина Леоновна,захарова.марина.леоновна@kmkl.kmg.kz,4,25,47,2021-04-02,f,2026-02-25 22:21:35.293375+00,2026-02-25 22:26:41.794739+00
403,EMP-910658,Панова Евдокия Яковлевна,панова.евдокия.яковлевна@kmkl.kmg.kz,4,25,47,2020-05-12,t,2026-02-25 22:21:35.293375+00,2026-02-25 22:26:41.794739+00
419,EMP-526633,Федосий Фомич Копылов,федосий.фомич.копылов@kmkl.kmg.kz,4,25,18,2025-12-17,f,2026-02-25 22:21:35.293375+00,2026-02-25 22:26:41.794739+00
421,EMP-974988,Ратибор Федосеевич Уваров,ратибор.федосеевич.уваров@kmkl.kmg.kz,4,17,47,2020-02-17,t,2026-02-25 22:21:35.293375+00,2026-02-25 22:26:41.794739+00
422,EMP-277349,Александров Никита Адрианович,александров.никита.адрианович@kmkl.kmg.kz,4,12,47,2019-04-03,t,2026-02-25 22:21:35.293375+00,2026-02-25 22:26:41.794739+00
424,EMP-767867,Зоя Леонидовна Тихонова,зоя.леонидовна.тихонова@kmkl.kmg.kz,4,24,18,2017-01-22,t,2026-02-25 22:21:35.293375+00,2026-02-25 22:26:41.794739+00
442,EMP-183445,Радим Богданович Сидоров,радим.богданович.сидоров@kmkl.kmg.kz,4,17,47,2018-06-18,t,2026-02-25 22:21:35.293375+00,2026-02-25 22:26:41.794739+00
445,EMP-484615,г-жа Трофимова Фёкла Григорьевна,гжа.трофимова.фёкла.григорьевна@kmkl.kmg.kz,4,24,18,2019-06-01,t,2026-02-25 22:21:35.293375+00,2026-02-25 22:26:41.794739+00
21,EMP-610974,Жукова Маргарита Эльдаровна,жукова.маргарита.эльдаровна@kmkl.kmg.kz,5,9,271,2023-09-03,t,2026-02-25 22:21:35.293375+00,2026-02-25 22:26:41.794739+00
281,EMP-861200,Ильина Елена Игоревна,ильина.елена.игоревна@kmkl.kmg.kz,5,16,271,2022-11-22,t,2026-02-25 22:21:35.293375+00,2026-02-25 22:26:41.794739+00
2,EMP-466276,Ираида Валериевна Панфилова,ираида.валериевна.панфилова@kmkl.kmg.kz,5,17,281,2019-07-25,t,2026-02-25 22:21:35.293375+00,2026-02-25 22:26:41.794739+00
5,EMP-214853,Потап Фролович Русаков,потап.фролович.русаков@kmkl.kmg.kz,5,9,281,2021-05-16,t,2026-02-25 22:21:35.293375+00,2026-02-25 22:26:41.794739+00
8,EMP-909778,Эмилия Филипповна Вишнякова,эмилия.филипповна.вишнякова@kmkl.kmg.kz,5,16,21,2022-12-22,t,2026-02-25 22:21:35.293375+00,2026-02-25 22:26:41.794739+00
232,EMP-798911,Жукова Фёкла Львовна,жукова.фёкла.львовна@kmkl.kmg.kz,1,5,65,2023-04-08,t,2026-02-25 22:21:35.293375+00,2026-02-25 22:26:41.794739+00
10,EMP-421339,Капустин Денис Тимурович,капустин.денис.тимурович@kmkl.kmg.kz,5,12,21,2021-04-21,f,2026-02-25 22:21:35.293375+00,2026-02-25 22:26:41.794739+00
14,EMP-983648,Дементьева Вера Тимофеевна,дементьева.вера.тимофеевна@kmkl.kmg.kz,5,12,21,2018-07-25,t,2026-02-25 22:21:35.293375+00,2026-02-25 22:26:41.794739+00
17,EMP-376515,Эмилия Никифоровна Кулагина,эмилия.никифоровна.кулагина@kmkl.kmg.kz,5,24,21,2018-10-05,t,2026-02-25 22:21:35.293375+00,2026-02-25 22:26:41.794739+00
19,EMP-666904,Быкова Евгения Андреевна,быкова.евгения.андреевна@kmkl.kmg.kz,5,16,281,2018-02-14,t,2026-02-25 22:21:35.293375+00,2026-02-25 22:26:41.794739+00
32,EMP-307429,Светозар Харлампович Фокин,светозар.харлампович.фокин@kmkl.kmg.kz,5,24,281,2019-08-25,t,2026-02-25 22:21:35.293375+00,2026-02-25 22:26:41.794739+00
36,EMP-982320,Мстислав Эдгардович Жданов,мстислав.эдгардович.жданов@kmkl.kmg.kz,5,24,281,2021-03-22,t,2026-02-25 22:21:35.293375+00,2026-02-25 22:26:41.794739+00
48,EMP-139975,Жукова Лидия Дмитриевна,жукова.лидия.дмитриевна@kmkl.kmg.kz,5,16,21,2022-06-03,t,2026-02-25 22:21:35.293375+00,2026-02-25 22:26:41.794739+00
72,EMP-739602,Вацлав Даниилович Селиверстов,вацлав.даниилович.селиверстов@kmkl.kmg.kz,5,17,281,2019-01-10,t,2026-02-25 22:21:35.293375+00,2026-02-25 22:26:41.794739+00
76,EMP-197493,Шарапов Порфирий Харитонович,шарапов.порфирий.харитонович@kmkl.kmg.kz,5,12,281,2020-05-28,t,2026-02-25 22:21:35.293375+00,2026-02-25 22:26:41.794739+00
91,EMP-773085,Вячеслав Теймуразович Ковалев,вячеслав.теймуразович.ковалев@kmkl.kmg.kz,5,17,21,2020-10-14,t,2026-02-25 22:21:35.293375+00,2026-02-25 22:26:41.794739+00
92,EMP-772979,Котова Кира Игоревна,котова.кира.игоревна@kmkl.kmg.kz,5,10,21,2020-11-12,t,2026-02-25 22:21:35.293375+00,2026-02-25 22:26:41.794739+00
107,EMP-322354,Пономарева Кира Тимофеевна,пономарева.кира.тимофеевна@kmkl.kmg.kz,5,10,21,2025-08-15,t,2026-02-25 22:21:35.293375+00,2026-02-25 22:26:41.794739+00
114,EMP-645318,г-н Баранов Владимир Вилорович,гн.баранов.владимир.вилорович@kmkl.kmg.kz,5,10,21,2024-09-22,t,2026-02-25 22:21:35.293375+00,2026-02-25 22:26:41.794739+00
120,EMP-571389,Татьяна Антоновна Маслова,татьяна.антоновна.маслова@kmkl.kmg.kz,5,12,281,2020-05-01,t,2026-02-25 22:21:35.293375+00,2026-02-25 22:26:41.794739+00
128,EMP-629000,Воронцова Раиса Геннадиевна,воронцова.раиса.геннадиевна@kmkl.kmg.kz,5,17,281,2024-02-23,f,2026-02-25 22:21:35.293375+00,2026-02-25 22:26:41.794739+00
150,EMP-821418,Юдина Анжелика Викторовна,юдина.анжелика.викторовна@kmkl.kmg.kz,5,25,21,2018-03-27,t,2026-02-25 22:21:35.293375+00,2026-02-25 22:26:41.794739+00
152,EMP-214829,Флорентин Игнатович Родионов,флорентин.игнатович.родионов@kmkl.kmg.kz,5,17,281,2025-01-25,t,2026-02-25 22:21:35.293375+00,2026-02-25 22:26:41.794739+00
173,EMP-424328,Тарасова Фаина Ильинична,тарасова.фаина.ильинична@kmkl.kmg.kz,5,11,281,2018-06-14,t,2026-02-25 22:21:35.293375+00,2026-02-25 22:26:41.794739+00
174,EMP-441238,Всеволод Артёмович Казаков,всеволод.артёмович.казаков@kmkl.kmg.kz,5,17,281,2025-12-14,t,2026-02-25 22:21:35.293375+00,2026-02-25 22:26:41.794739+00
180,EMP-896852,Савельев Виктор Дмитриевич,савельев.виктор.дмитриевич@kmkl.kmg.kz,5,25,281,2024-12-13,t,2026-02-25 22:21:35.293375+00,2026-02-25 22:26:41.794739+00
183,EMP-571068,Дорофеев Ульян Матвеевич,дорофеев.ульян.матвеевич@kmkl.kmg.kz,5,24,21,2024-08-16,t,2026-02-25 22:21:35.293375+00,2026-02-25 22:26:41.794739+00
195,EMP-743520,Прасковья Михайловна Белова,прасковья.михайловна.белова@kmkl.kmg.kz,5,17,281,2017-02-13,t,2026-02-25 22:21:35.293375+00,2026-02-25 22:26:41.794739+00
238,EMP-493442,Акулина Степановна Кулакова,акулина.степановна.кулакова@kmkl.kmg.kz,5,9,281,2024-11-30,t,2026-02-25 22:21:35.293375+00,2026-02-25 22:26:41.794739+00
246,EMP-252461,Кузнецов Иосиф Власович,кузнецов.иосиф.власович@kmkl.kmg.kz,5,24,21,2025-12-05,t,2026-02-25 22:21:35.293375+00,2026-02-25 22:26:41.794739+00
262,EMP-110618,Тетерин Богдан Бенедиктович,тетерин.богдан.бенедиктович@kmkl.kmg.kz,5,25,21,2025-05-14,t,2026-02-25 22:21:35.293375+00,2026-02-25 22:26:41.794739+00
263,EMP-122749,Климент Трофимович Мишин,климент.трофимович.мишин@kmkl.kmg.kz,5,24,281,2024-11-24,t,2026-02-25 22:21:35.293375+00,2026-02-25 22:26:41.794739+00
266,EMP-646813,Доброслав Гурьевич Большаков,доброслав.гурьевич.большаков@kmkl.kmg.kz,5,25,281,2025-01-23,t,2026-02-25 22:21:35.293375+00,2026-02-25 22:26:41.794739+00
270,EMP-866277,Андреева Ольга Геннадьевна,андреева.ольга.геннадьевна@kmkl.kmg.kz,5,9,21,2017-10-06,t,2026-02-25 22:21:35.293375+00,2026-02-25 22:26:41.794739+00
276,EMP-561706,Исакова Екатерина Ниловна,исакова.екатерина.ниловна@kmkl.kmg.kz,5,25,281,2021-04-03,t,2026-02-25 22:21:35.293375+00,2026-02-25 22:26:41.794739+00
287,EMP-381465,Куприян Жанович Тихонов,куприян.жанович.тихонов@kmkl.kmg.kz,5,25,281,2017-11-18,t,2026-02-25 22:21:35.293375+00,2026-02-25 22:26:41.794739+00
291,EMP-431201,Никифоров Мирон Федотович,никифоров.мирон.федотович@kmkl.kmg.kz,5,25,21,2017-12-27,t,2026-02-25 22:21:35.293375+00,2026-02-25 22:26:41.794739+00
292,EMP-597403,Любовь Юльевна Борисова,любовь.юльевна.борисова@kmkl.kmg.kz,5,16,281,2021-06-16,f,2026-02-25 22:21:35.293375+00,2026-02-25 22:26:41.794739+00
296,EMP-631879,Архип Елисеевич Красильников,архип.елисеевич.красильников@kmkl.kmg.kz,5,10,281,2024-06-09,t,2026-02-25 22:21:35.293375+00,2026-02-25 22:26:41.794739+00
299,EMP-802461,Трифон Алексеевич Киселев,трифон.алексеевич.киселев@kmkl.kmg.kz,5,9,21,2019-12-28,t,2026-02-25 22:21:35.293375+00,2026-02-25 22:26:41.794739+00
325,EMP-360498,Бобылева Лариса Кирилловна,бобылева.лариса.кирилловна@kmkl.kmg.kz,5,17,281,2018-11-14,t,2026-02-25 22:21:35.293375+00,2026-02-25 22:26:41.794739+00
329,EMP-935234,Надежда Кирилловна Шарапова,надежда.кирилловна.шарапова@kmkl.kmg.kz,5,17,281,2025-01-06,t,2026-02-25 22:21:35.293375+00,2026-02-25 22:26:41.794739+00
271,EMP-918808,Цветков Матвей Григорьевич,цветков.матвей.григорьевич@kmkl.kmg.kz,5,24,,2023-02-05,t,2026-02-25 22:21:35.293375+00,2026-02-25 22:26:41.794739+00
338,EMP-231700,Анжелика Руслановна Красильникова,анжелика.руслановна.красильникова@kmkl.kmg.kz,5,12,281,2019-02-04,t,2026-02-25 22:21:35.293375+00,2026-02-25 22:26:41.794739+00
347,EMP-731343,Алевтина Макаровна Шилова,алевтина.макаровна.шилова@kmkl.kmg.kz,5,12,281,2019-06-06,t,2026-02-25 22:21:35.293375+00,2026-02-25 22:26:41.794739+00
352,EMP-830680,Самойлов Эраст Дмитриевич,самойлов.эраст.дмитриевич@kmkl.kmg.kz,5,12,281,2023-06-06,t,2026-02-25 22:21:35.293375+00,2026-02-25 22:26:41.794739+00
354,EMP-990579,Лора Даниловна Лихачева,лора.даниловна.лихачева@kmkl.kmg.kz,5,11,21,2018-08-10,t,2026-02-25 22:21:35.293375+00,2026-02-25 22:26:41.794739+00
370,EMP-537072,Дарья Макаровна Казакова,дарья.макаровна.казакова@kmkl.kmg.kz,5,16,21,2023-10-29,t,2026-02-25 22:21:35.293375+00,2026-02-25 22:26:41.794739+00
379,EMP-989237,Крылов Павел Валерьянович,крылов.павел.валерьянович@kmkl.kmg.kz,5,10,281,2024-05-08,t,2026-02-25 22:21:35.293375+00,2026-02-25 22:26:41.794739+00
383,EMP-271066,Колобова Элеонора Григорьевна,колобова.элеонора.григорьевна@kmkl.kmg.kz,5,17,281,2024-06-26,t,2026-02-25 22:21:35.293375+00,2026-02-25 22:26:41.794739+00
398,EMP-626681,Алина Васильевна Филатова,алина.васильевна.филатова@kmkl.kmg.kz,5,16,21,2022-03-29,t,2026-02-25 22:21:35.293375+00,2026-02-25 22:26:41.794739+00
404,EMP-316591,Лапина Лидия Максимовна,лапина.лидия.максимовна@kmkl.kmg.kz,5,25,281,2019-10-13,t,2026-02-25 22:21:35.293375+00,2026-02-25 22:26:41.794739+00
409,EMP-217389,Морозов Селиверст Тимурович,морозов.селиверст.тимурович@kmkl.kmg.kz,5,10,21,2022-10-02,t,2026-02-25 22:21:35.293375+00,2026-02-25 22:26:41.794739+00
413,EMP-341310,Иванов Агафон Гурьевич,иванов.агафон.гурьевич@kmkl.kmg.kz,5,11,21,2022-02-16,t,2026-02-25 22:21:35.293375+00,2026-02-25 22:26:41.794739+00
420,EMP-294482,Клавдия Яковлевна Турова,клавдия.яковлевна.турова@kmkl.kmg.kz,5,9,21,2018-07-20,t,2026-02-25 22:21:35.293375+00,2026-02-25 22:26:41.794739+00
441,EMP-897153,Самуил Артёмович Сафонов,самуил.артёмович.сафонов@kmkl.kmg.kz,5,25,281,2020-11-15,t,2026-02-25 22:21:35.293375+00,2026-02-25 22:26:41.794739+00
208,EMP-855596,Зимина Клавдия Ивановна,зимина.клавдия.ивановна@kmkl.kmg.kz,6,14,401,2022-02-08,t,2026-02-25 22:21:35.293375+00,2026-02-25 22:26:41.794739+00
348,EMP-848056,Лонгин Артурович Мишин,лонгин.артурович.мишин@kmkl.kmg.kz,6,14,401,2019-08-28,t,2026-02-25 22:21:35.293375+00,2026-02-25 22:26:41.794739+00
11,EMP-170425,Амвросий Александрович Носов,амвросий.александрович.носов@kmkl.kmg.kz,6,14,348,2018-01-22,t,2026-02-25 22:21:35.293375+00,2026-02-25 22:26:41.794739+00
22,EMP-772729,Евграф Ааронович Анисимов,евграф.ааронович.анисимов@kmkl.kmg.kz,6,24,208,2022-03-30,t,2026-02-25 22:21:35.293375+00,2026-02-25 22:26:41.794739+00
24,EMP-570842,Пестова Ульяна Егоровна,пестова.ульяна.егоровна@kmkl.kmg.kz,6,19,208,2019-05-12,t,2026-02-25 22:21:35.293375+00,2026-02-25 22:26:41.794739+00
30,EMP-142337,Горшкова Клавдия Васильевна,горшкова.клавдия.васильевна@kmkl.kmg.kz,6,19,348,2019-08-05,t,2026-02-25 22:21:35.293375+00,2026-02-25 22:26:41.794739+00
41,EMP-564091,Рыбаков Рюрик Терентьевич,рыбаков.рюрик.терентьевич@kmkl.kmg.kz,6,13,348,2018-11-26,t,2026-02-25 22:21:35.293375+00,2026-02-25 22:26:41.794739+00
58,EMP-321387,Егорова Светлана Петровна,егорова.светлана.петровна@kmkl.kmg.kz,6,13,348,2022-11-10,f,2026-02-25 22:21:35.293375+00,2026-02-25 22:26:41.794739+00
66,EMP-109110,Осип Фролович Щукин,осип.фролович.щукин@kmkl.kmg.kz,6,19,348,2021-08-15,t,2026-02-25 22:21:35.293375+00,2026-02-25 22:26:41.794739+00
77,EMP-406647,Мария Вячеславовна Никифорова,мария.вячеславовна.никифорова@kmkl.kmg.kz,6,24,348,2020-05-27,t,2026-02-25 22:21:35.293375+00,2026-02-25 22:26:41.794739+00
78,EMP-671984,Орлов Авдей Зиновьевич,орлов.авдей.зиновьевич@kmkl.kmg.kz,6,24,348,2018-04-19,t,2026-02-25 22:21:35.293375+00,2026-02-25 22:26:41.794739+00
80,EMP-201334,Зиновий Арсенович Емельянов,зиновий.арсенович.емельянов@kmkl.kmg.kz,6,25,208,2025-06-06,t,2026-02-25 22:21:35.293375+00,2026-02-25 22:26:41.794739+00
89,EMP-859931,Лукия Антоновна Бобылева,лукия.антоновна.бобылева@kmkl.kmg.kz,6,20,208,2025-09-28,t,2026-02-25 22:21:35.293375+00,2026-02-25 22:26:41.794739+00
98,EMP-931559,Дорофеев Ярослав Трифонович,дорофеев.ярослав.трифонович@kmkl.kmg.kz,6,13,208,2018-06-04,t,2026-02-25 22:21:35.293375+00,2026-02-25 22:26:41.794739+00
106,EMP-142674,Вышеслав Викентьевич Тарасов,вышеслав.викентьевич.тарасов@kmkl.kmg.kz,6,25,348,2022-10-05,t,2026-02-25 22:21:35.293375+00,2026-02-25 22:26:41.794739+00
116,EMP-125856,Носкова Дарья Егоровна,носкова.дарья.егоровна@kmkl.kmg.kz,6,19,348,2017-04-14,t,2026-02-25 22:21:35.293375+00,2026-02-25 22:26:41.794739+00
153,EMP-582853,Олимпий Августович Тетерин,олимпий.августович.тетерин@kmkl.kmg.kz,6,20,208,2021-05-07,t,2026-02-25 22:21:35.293375+00,2026-02-25 22:26:41.794739+00
166,EMP-724151,Агата Валентиновна Коновалова,агата.валентиновна.коновалова@kmkl.kmg.kz,6,19,208,2019-01-01,t,2026-02-25 22:21:35.293375+00,2026-02-25 22:26:41.794739+00
176,EMP-742238,Симонова Майя Яковлевна,симонова.майя.яковлевна@kmkl.kmg.kz,6,19,208,2017-05-04,t,2026-02-25 22:21:35.293375+00,2026-02-25 22:26:41.794739+00
192,EMP-599461,Евдокия Артемовна Лапина,евдокия.артемовна.лапина@kmkl.kmg.kz,6,24,348,2023-05-10,t,2026-02-25 22:21:35.293375+00,2026-02-25 22:26:41.794739+00
204,EMP-604283,Орехова Полина Валериевна,орехова.полина.валериевна@kmkl.kmg.kz,6,14,208,2021-09-24,t,2026-02-25 22:21:35.293375+00,2026-02-25 22:26:41.794739+00
210,EMP-947980,Комарова Наина Кирилловна,комарова.наина.кирилловна@kmkl.kmg.kz,6,20,348,2019-12-25,t,2026-02-25 22:21:35.293375+00,2026-02-25 22:26:41.794739+00
222,EMP-183452,Надежда Викторовна Кузьмина,надежда.викторовна.кузьмина@kmkl.kmg.kz,6,24,208,2021-09-15,f,2026-02-25 22:21:35.293375+00,2026-02-25 22:26:41.794739+00
223,EMP-180098,тов. Харитонова Светлана Вениаминовна,тов.харитонова.светлана.вениаминовна@kmkl.kmg.kz,6,14,348,2017-09-03,t,2026-02-25 22:21:35.293375+00,2026-02-25 22:26:41.794739+00
226,EMP-933894,Юрий Жанович Брагин,юрий.жанович.брагин@kmkl.kmg.kz,6,24,208,2019-06-24,f,2026-02-25 22:21:35.293375+00,2026-02-25 22:26:41.794739+00
244,EMP-117858,Якушев Стоян Феоктистович,якушев.стоян.феоктистович@kmkl.kmg.kz,6,25,208,2019-02-03,t,2026-02-25 22:21:35.293375+00,2026-02-25 22:26:41.794739+00
247,EMP-217142,Нинель Вадимовна Стрелкова,нинель.вадимовна.стрелкова@kmkl.kmg.kz,6,24,208,2022-09-30,t,2026-02-25 22:21:35.293375+00,2026-02-25 22:26:41.794739+00
250,EMP-978517,Алексей Ефремович Мясников,алексей.ефремович.мясников@kmkl.kmg.kz,6,19,208,2021-07-10,t,2026-02-25 22:21:35.293375+00,2026-02-25 22:26:41.794739+00
255,EMP-466907,Наина Константиновна Ситникова,наина.константиновна.ситникова@kmkl.kmg.kz,6,25,208,2018-04-19,t,2026-02-25 22:21:35.293375+00,2026-02-25 22:26:41.794739+00
265,EMP-236039,Галина Владимировна Воробьева,галина.владимировна.воробьева@kmkl.kmg.kz,6,13,208,2022-10-13,t,2026-02-25 22:21:35.293375+00,2026-02-25 22:26:41.794739+00
282,EMP-982379,Тимофеев Аполлон Гаврилович,тимофеев.аполлон.гаврилович@kmkl.kmg.kz,6,14,348,2025-09-24,t,2026-02-25 22:21:35.293375+00,2026-02-25 22:26:41.794739+00
301,EMP-449973,Цветков Владислав Якубович,цветков.владислав.якубович@kmkl.kmg.kz,6,20,348,2018-05-25,t,2026-02-25 22:21:35.293375+00,2026-02-25 22:26:41.794739+00
315,EMP-381576,Носов Станислав Валентинович,носов.станислав.валентинович@kmkl.kmg.kz,6,25,348,2023-01-19,t,2026-02-25 22:21:35.293375+00,2026-02-25 22:26:41.794739+00
320,EMP-689410,Иосиф Авдеевич Андреев,иосиф.авдеевич.андреев@kmkl.kmg.kz,6,24,208,2025-03-16,t,2026-02-25 22:21:35.293375+00,2026-02-25 22:26:41.794739+00
327,EMP-456299,Афиноген Ярославович Бобров,афиноген.ярославович.бобров@kmkl.kmg.kz,6,20,208,2025-08-19,t,2026-02-25 22:21:35.293375+00,2026-02-25 22:26:41.794739+00
335,EMP-821221,Андрон Ильясович Антонов,андрон.ильясович.антонов@kmkl.kmg.kz,6,19,208,2018-08-01,t,2026-02-25 22:21:35.293375+00,2026-02-25 22:26:41.794739+00
349,EMP-833227,Дроздова София Леонидовна,дроздова.софия.леонидовна@kmkl.kmg.kz,6,24,208,2022-10-09,t,2026-02-25 22:21:35.293375+00,2026-02-25 22:26:41.794739+00
351,EMP-471028,Любовь Степановна Уварова,любовь.степановна.уварова@kmkl.kmg.kz,6,19,208,2020-12-15,t,2026-02-25 22:21:35.293375+00,2026-02-25 22:26:41.794739+00
359,EMP-934364,Доронин Януарий Венедиктович,доронин.януарий.венедиктович@kmkl.kmg.kz,6,25,208,2018-09-01,t,2026-02-25 22:21:35.293375+00,2026-02-25 22:26:41.794739+00
375,EMP-237305,Анастасия Владиславовна Рожкова,анастасия.владиславовна.рожкова@kmkl.kmg.kz,6,19,348,2024-09-26,f,2026-02-25 22:21:35.293375+00,2026-02-25 22:26:41.794739+00
385,EMP-341914,Евпраксия Мироновна Дмитриева,евпраксия.мироновна.дмитриева@kmkl.kmg.kz,6,19,348,2022-06-19,t,2026-02-25 22:21:35.293375+00,2026-02-25 22:26:41.794739+00
386,EMP-261009,Агата Эдуардовна Боброва,агата.эдуардовна.боброва@kmkl.kmg.kz,6,24,208,2018-11-05,t,2026-02-25 22:21:35.293375+00,2026-02-25 22:26:41.794739+00
394,EMP-307937,Баранов Поликарп Аверьянович,баранов.поликарп.аверьянович@kmkl.kmg.kz,6,24,208,2024-10-07,t,2026-02-25 22:21:35.293375+00,2026-02-25 22:26:41.794739+00
405,EMP-668596,Воронцова Мария Эдуардовна,воронцова.мария.эдуардовна@kmkl.kmg.kz,6,24,208,2024-10-15,t,2026-02-25 22:21:35.293375+00,2026-02-25 22:26:41.794739+00
411,EMP-702605,Пахом Абрамович Воронов,пахом.абрамович.воронов@kmkl.kmg.kz,6,20,348,2017-06-30,t,2026-02-25 22:21:35.293375+00,2026-02-25 22:26:41.794739+00
417,EMP-200261,Чернов Вышеслав Вилорович,чернов.вышеслав.вилорович@kmkl.kmg.kz,6,13,348,2019-06-03,t,2026-02-25 22:21:35.293375+00,2026-02-25 22:26:41.794739+00
431,EMP-941851,Варфоломей Гордеевич Зайцев,варфоломей.гордеевич.зайцев@kmkl.kmg.kz,6,20,348,2022-02-28,t,2026-02-25 22:21:35.293375+00,2026-02-25 22:26:41.794739+00
440,EMP-591250,Голубева Дарья Богдановна,голубева.дарья.богдановна@kmkl.kmg.kz,6,14,348,2025-04-16,f,2026-02-25 22:21:35.293375+00,2026-02-25 22:26:41.794739+00
448,EMP-621122,Федорова Мария Никифоровна,федорова.мария.никифоровна@kmkl.kmg.kz,6,24,208,2023-12-07,t,2026-02-25 22:21:35.293375+00,2026-02-25 22:26:41.794739+00
449,EMP-904169,Евфросиния Александровна Дорофеева,евфросиния.александровна.дорофеева@kmkl.kmg.kz,6,13,208,2025-02-13,t,2026-02-25 22:21:35.293375+00,2026-02-25 22:26:41.794739+00
27,EMP-810359,Цветков Исидор Даниилович,цветков.исидор.даниилович@kmkl.kmg.kz,7,15,397,2019-11-17,t,2026-02-25 22:21:35.293375+00,2026-02-25 22:26:41.794739+00
256,EMP-329009,Вера Дмитриевна Зимина,вера.дмитриевна.зимина@kmkl.kmg.kz,7,15,397,2022-09-15,t,2026-02-25 22:21:35.293375+00,2026-02-25 22:26:41.794739+00
13,EMP-718782,Архипова Нинель Рудольфовна,архипова.нинель.рудольфовна@kmkl.kmg.kz,7,15,256,2025-11-05,t,2026-02-25 22:21:35.293375+00,2026-02-25 22:26:41.794739+00
25,EMP-256104,Тит Викторович Кабанов,тит.викторович.кабанов@kmkl.kmg.kz,7,24,27,2018-02-19,t,2026-02-25 22:21:35.293375+00,2026-02-25 22:26:41.794739+00
38,EMP-784147,Горбунова Раиса Павловна,горбунова.раиса.павловна@kmkl.kmg.kz,7,15,27,2017-03-16,f,2026-02-25 22:21:35.293375+00,2026-02-25 22:26:41.794739+00
51,EMP-235113,Маслова Лора Святославовна,маслова.лора.святославовна@kmkl.kmg.kz,7,15,256,2025-12-23,t,2026-02-25 22:21:35.293375+00,2026-02-25 22:26:41.794739+00
59,EMP-883619,Евстафий Теймуразович Муравьев,евстафий.теймуразович.муравьев@kmkl.kmg.kz,7,24,27,2025-04-07,t,2026-02-25 22:21:35.293375+00,2026-02-25 22:26:41.794739+00
61,EMP-688490,Максимов Кондрат Архипович,максимов.кондрат.архипович@kmkl.kmg.kz,7,6,27,2025-02-04,t,2026-02-25 22:21:35.293375+00,2026-02-25 22:26:41.794739+00
69,EMP-316116,Агафонова Прасковья Евгеньевна,агафонова.прасковья.евгеньевна@kmkl.kmg.kz,7,6,256,2023-02-28,t,2026-02-25 22:21:35.293375+00,2026-02-25 22:26:41.794739+00
93,EMP-882660,Попова Надежда Харитоновна,попова.надежда.харитоновна@kmkl.kmg.kz,7,6,27,2021-09-03,t,2026-02-25 22:21:35.293375+00,2026-02-25 22:26:41.794739+00
366,EMP-611594,Коновалова Алла Алексеевна,коновалова.алла.алексеевна@kmkl.kmg.kz,2,8,,2022-05-03,t,2026-02-25 22:21:35.293375+00,2026-02-25 22:26:41.794739+00
367,EMP-482509,Козлов Боян Александрович,козлов.боян.александрович@kmkl.kmg.kz,3,12,,2019-09-07,t,2026-02-25 22:21:35.293375+00,2026-02-25 22:26:41.794739+00
96,EMP-384706,Соболева София Васильевна,соболева.софия.васильевна@kmkl.kmg.kz,7,24,27,2025-11-21,t,2026-02-25 22:21:35.293375+00,2026-02-25 22:26:41.794739+00
108,EMP-837907,Марина Степановна Рыбакова,марина.степановна.рыбакова@kmkl.kmg.kz,7,6,256,2025-03-11,t,2026-02-25 22:21:35.293375+00,2026-02-25 22:26:41.794739+00
118,EMP-641160,Вероника Львовна Потапова,вероника.львовна.потапова@kmkl.kmg.kz,7,15,27,2020-12-20,t,2026-02-25 22:21:35.293375+00,2026-02-25 22:26:41.794739+00
124,EMP-894726,Бронислав Анатольевич Федотов,бронислав.анатольевич.федотов@kmkl.kmg.kz,7,15,256,2023-09-28,t,2026-02-25 22:21:35.293375+00,2026-02-25 22:26:41.794739+00
134,EMP-143154,Олимпиада Георгиевна Некрасова,олимпиада.георгиевна.некрасова@kmkl.kmg.kz,7,24,27,2017-02-06,t,2026-02-25 22:21:35.293375+00,2026-02-25 22:26:41.794739+00
141,EMP-662519,Шилова Вера Богдановна,шилова.вера.богдановна@kmkl.kmg.kz,7,25,256,2019-10-04,t,2026-02-25 22:21:35.293375+00,2026-02-25 22:26:41.794739+00
151,EMP-201175,Некрасов Вениамин Бенедиктович,некрасов.вениамин.бенедиктович@kmkl.kmg.kz,7,18,256,2021-11-13,t,2026-02-25 22:21:35.293375+00,2026-02-25 22:26:41.794739+00
155,EMP-916123,Фирс Иосифович Харитонов,фирс.иосифович.харитонов@kmkl.kmg.kz,7,25,256,2018-02-28,t,2026-02-25 22:21:35.293375+00,2026-02-25 22:26:41.794739+00
182,EMP-359054,Баранов Милен Власович,баранов.милен.власович@kmkl.kmg.kz,7,18,256,2022-05-15,t,2026-02-25 22:21:35.293375+00,2026-02-25 22:26:41.794739+00
185,EMP-986410,Мартынов Гедеон Феофанович,мартынов.гедеон.феофанович@kmkl.kmg.kz,7,24,27,2019-10-29,t,2026-02-25 22:21:35.293375+00,2026-02-25 22:26:41.794739+00
189,EMP-204888,Волкова Евпраксия Максимовна,волкова.евпраксия.максимовна@kmkl.kmg.kz,7,18,256,2018-02-10,t,2026-02-25 22:21:35.293375+00,2026-02-25 22:26:41.794739+00
196,EMP-326041,Виноградова Анна Станиславовна,виноградова.анна.станиславовна@kmkl.kmg.kz,7,15,256,2023-04-24,t,2026-02-25 22:21:35.293375+00,2026-02-25 22:26:41.794739+00
207,EMP-863406,Виктория Яковлевна Федотова,виктория.яковлевна.федотова@kmkl.kmg.kz,7,15,27,2019-07-29,t,2026-02-25 22:21:35.293375+00,2026-02-25 22:26:41.794739+00
209,EMP-151874,Антонина Робертовна Орлова,антонина.робертовна.орлова@kmkl.kmg.kz,7,24,27,2017-05-10,t,2026-02-25 22:21:35.293375+00,2026-02-25 22:26:41.794739+00
217,EMP-317817,Евсей Глебович Дорофеев,евсей.глебович.дорофеев@kmkl.kmg.kz,7,6,256,2019-06-26,t,2026-02-25 22:21:35.293375+00,2026-02-25 22:26:41.794739+00
231,EMP-279286,Лазарева Полина Оскаровна,лазарева.полина.оскаровна@kmkl.kmg.kz,7,15,256,2023-04-16,t,2026-02-25 22:21:35.293375+00,2026-02-25 22:26:41.794739+00
240,EMP-426296,Титова Ульяна Сергеевна,титова.ульяна.сергеевна@kmkl.kmg.kz,7,25,27,2023-09-04,t,2026-02-25 22:21:35.293375+00,2026-02-25 22:26:41.794739+00
249,EMP-483348,Русакова Варвара Николаевна,русакова.варвара.николаевна@kmkl.kmg.kz,7,6,256,2018-01-10,t,2026-02-25 22:21:35.293375+00,2026-02-25 22:26:41.794739+00
267,EMP-444752,Вышеслав Гурьевич Панов,вышеслав.гурьевич.панов@kmkl.kmg.kz,7,15,256,2017-12-07,t,2026-02-25 22:21:35.293375+00,2026-02-25 22:26:41.794739+00
295,EMP-206704,Рябова Агата Львовна,рябова.агата.львовна@kmkl.kmg.kz,7,6,256,2025-07-25,t,2026-02-25 22:21:35.293375+00,2026-02-25 22:26:41.794739+00
302,EMP-535629,Ульяна Тарасовна Киселева,ульяна.тарасовна.киселева@kmkl.kmg.kz,7,15,256,2025-04-07,t,2026-02-25 22:21:35.293375+00,2026-02-25 22:26:41.794739+00
308,EMP-132170,Князева Агата Степановна,князева.агата.степановна@kmkl.kmg.kz,7,6,256,2021-03-23,t,2026-02-25 22:21:35.293375+00,2026-02-25 22:26:41.794739+00
311,EMP-982711,Александр Изотович Суханов,александр.изотович.суханов@kmkl.kmg.kz,7,25,256,2018-07-25,t,2026-02-25 22:21:35.293375+00,2026-02-25 22:26:41.794739+00
313,EMP-434279,Алина Станиславовна Макарова,алина.станиславовна.макарова@kmkl.kmg.kz,7,6,27,2022-09-21,t,2026-02-25 22:21:35.293375+00,2026-02-25 22:26:41.794739+00
324,EMP-301168,Пелагея Даниловна Денисова,пелагея.даниловна.денисова@kmkl.kmg.kz,7,24,27,2017-05-03,t,2026-02-25 22:21:35.293375+00,2026-02-25 22:26:41.794739+00
328,EMP-283403,Евфросиния Макаровна Петрова,евфросиния.макаровна.петрова@kmkl.kmg.kz,7,6,256,2023-09-21,t,2026-02-25 22:21:35.293375+00,2026-02-25 22:26:41.794739+00
330,EMP-737434,Игнатьев Аверьян Бориславович,игнатьев.аверьян.бориславович@kmkl.kmg.kz,7,6,256,2025-05-20,t,2026-02-25 22:21:35.293375+00,2026-02-25 22:26:41.794739+00
332,EMP-533371,Нонна Кирилловна Орлова,нонна.кирилловна.орлова@kmkl.kmg.kz,7,25,27,2023-04-23,t,2026-02-25 22:21:35.293375+00,2026-02-25 22:26:41.794739+00
365,EMP-449890,Некрасов Ярослав Яковлевич,некрасов.ярослав.яковлевич@kmkl.kmg.kz,7,15,256,2018-09-20,t,2026-02-25 22:21:35.293375+00,2026-02-25 22:26:41.794739+00
368,EMP-143439,Анастасия Ефимовна Колесникова,анастасия.ефимовна.колесникова@kmkl.kmg.kz,7,15,27,2024-10-12,t,2026-02-25 22:21:35.293375+00,2026-02-25 22:26:41.794739+00
371,EMP-941228,Регина Станиславовна Кузьмина,регина.станиславовна.кузьмина@kmkl.kmg.kz,7,25,256,2021-04-29,t,2026-02-25 22:21:35.293375+00,2026-02-25 22:26:41.794739+00
373,EMP-530894,Зоя Кирилловна Пономарева,зоя.кирилловна.пономарева@kmkl.kmg.kz,7,25,256,2017-03-21,t,2026-02-25 22:21:35.293375+00,2026-02-25 22:26:41.794739+00
374,EMP-777428,Петухова Фаина Петровна,петухова.фаина.петровна@kmkl.kmg.kz,7,6,256,2024-06-04,t,2026-02-25 22:21:35.293375+00,2026-02-25 22:26:41.794739+00
376,EMP-899212,Мамонтов Юрий Фомич,мамонтов.юрий.фомич@kmkl.kmg.kz,7,24,256,2023-10-22,f,2026-02-25 22:21:35.293375+00,2026-02-25 22:26:41.794739+00
397,EMP-348350,Парамон Власович Кузнецов,парамон.власович.кузнецов@kmkl.kmg.kz,7,24,,2019-05-22,t,2026-02-25 22:21:35.293375+00,2026-02-25 22:26:41.794739+00
401,EMP-525903,Потапова Октябрина Вениаминовна,потапова.октябрина.вениаминовна@kmkl.kmg.kz,6,20,,2020-11-20,t,2026-02-25 22:21:35.293375+00,2026-02-25 22:26:41.794739+00
416,EMP-333960,Прасковья Игоревна Герасимова,прасковья.игоревна.герасимова@kmkl.kmg.kz,8,22,,2024-01-08,t,2026-02-25 22:21:35.293375+00,2026-02-25 22:26:41.794739+00
377,EMP-627462,Антип Фомич Шарапов,антип.фомич.шарапов@kmkl.kmg.kz,7,25,256,2024-04-10,t,2026-02-25 22:21:35.293375+00,2026-02-25 22:26:41.794739+00
382,EMP-214612,Котова Синклитикия Львовна,котова.синклитикия.львовна@kmkl.kmg.kz,7,25,27,2025-10-09,t,2026-02-25 22:21:35.293375+00,2026-02-25 22:26:41.794739+00
399,EMP-516970,Глафира Николаевна Осипова,глафира.николаевна.осипова@kmkl.kmg.kz,7,6,27,2017-07-07,t,2026-02-25 22:21:35.293375+00,2026-02-25 22:26:41.794739+00
406,EMP-330021,Николаев Доброслав Виленович,николаев.доброслав.виленович@kmkl.kmg.kz,7,6,256,2017-01-05,t,2026-02-25 22:21:35.293375+00,2026-02-25 22:26:41.794739+00
412,EMP-286409,Зайцева Прасковья Алексеевна,зайцева.прасковья.алексеевна@kmkl.kmg.kz,7,24,27,2018-09-01,t,2026-02-25 22:21:35.293375+00,2026-02-25 22:26:41.794739+00
414,EMP-117896,Ярослав Викентьевич Федоров,ярослав.викентьевич.федоров@kmkl.kmg.kz,7,6,27,2017-04-22,t,2026-02-25 22:21:35.293375+00,2026-02-25 22:26:41.794739+00
415,EMP-255651,Полина Дмитриевна Трофимова,полина.дмитриевна.трофимова@kmkl.kmg.kz,7,15,256,2021-05-24,t,2026-02-25 22:21:35.293375+00,2026-02-25 22:26:41.794739+00
426,EMP-162914,Никанор Арсеньевич Одинцов,никанор.арсеньевич.одинцов@kmkl.kmg.kz,7,15,256,2023-03-03,t,2026-02-25 22:21:35.293375+00,2026-02-25 22:26:41.794739+00
432,EMP-159456,Носов Юлий Терентьевич,носов.юлий.терентьевич@kmkl.kmg.kz,7,24,27,2024-10-07,t,2026-02-25 22:21:35.293375+00,2026-02-25 22:26:41.794739+00
446,EMP-298540,Ярополк Игоревич Миронов,ярополк.игоревич.миронов@kmkl.kmg.kz,7,15,256,2018-07-28,t,2026-02-25 22:21:35.293375+00,2026-02-25 22:26:41.794739+00
33,EMP-901321,Комаров Михей Матвеевич,комаров.михей.матвеевич@kmkl.kmg.kz,8,24,416,2023-09-06,t,2026-02-25 22:21:35.293375+00,2026-02-25 22:26:41.794739+00
88,EMP-261308,Борис Андреевич Молчанов,борис.андреевич.молчанов@kmkl.kmg.kz,8,22,416,2021-04-27,f,2026-02-25 22:21:35.293375+00,2026-02-25 22:26:41.794739+00
4,EMP-564296,Тамара Болеславовна Дроздова,тамара.болеславовна.дроздова@kmkl.kmg.kz,8,24,33,2024-01-09,t,2026-02-25 22:21:35.293375+00,2026-02-25 22:26:41.794739+00
7,EMP-488180,Аксенова Тамара Леоновна,аксенова.тамара.леоновна@kmkl.kmg.kz,8,25,33,2025-01-05,t,2026-02-25 22:21:35.293375+00,2026-02-25 22:26:41.794739+00
9,EMP-786821,Елена Вячеславовна Котова,елена.вячеславовна.котова@kmkl.kmg.kz,8,24,33,2017-11-23,t,2026-02-25 22:21:35.293375+00,2026-02-25 22:26:41.794739+00
55,EMP-457155,Одинцова Тамара Кузьминична,одинцова.тамара.кузьминична@kmkl.kmg.kz,8,23,33,2018-12-31,t,2026-02-25 22:21:35.293375+00,2026-02-25 22:26:41.794739+00
67,EMP-983419,Богданов Александр Григорьевич,богданов.александр.григорьевич@kmkl.kmg.kz,8,25,33,2023-04-22,t,2026-02-25 22:21:35.293375+00,2026-02-25 22:26:41.794739+00
70,EMP-329105,Ситников Мирослав Иосифович,ситников.мирослав.иосифович@kmkl.kmg.kz,8,21,33,2019-08-17,t,2026-02-25 22:21:35.293375+00,2026-02-25 22:26:41.794739+00
74,EMP-257377,Анисимова Ульяна Эдуардовна,анисимова.ульяна.эдуардовна@kmkl.kmg.kz,8,22,88,2018-02-26,t,2026-02-25 22:21:35.293375+00,2026-02-25 22:26:41.794739+00
90,EMP-430326,Юлий Адамович Ковалев,юлий.адамович.ковалев@kmkl.kmg.kz,8,23,33,2024-08-17,t,2026-02-25 22:21:35.293375+00,2026-02-25 22:26:41.794739+00
95,EMP-577752,Мефодий Виленович Лобанов,мефодий.виленович.лобанов@kmkl.kmg.kz,8,21,33,2022-04-06,t,2026-02-25 22:21:35.293375+00,2026-02-25 22:26:41.794739+00
101,EMP-756104,Зиновьева Евдокия Романовна,зиновьева.евдокия.романовна@kmkl.kmg.kz,8,24,33,2024-01-06,t,2026-02-25 22:21:35.293375+00,2026-02-25 22:26:41.794739+00
115,EMP-967136,Изот Геннадиевич Федоров,изот.геннадиевич.федоров@kmkl.kmg.kz,8,21,88,2018-08-04,t,2026-02-25 22:21:35.293375+00,2026-02-25 22:26:41.794739+00
121,EMP-743892,Муравьев Ипат Адрианович,муравьев.ипат.адрианович@kmkl.kmg.kz,8,22,33,2018-05-11,t,2026-02-25 22:21:35.293375+00,2026-02-25 22:26:41.794739+00
122,EMP-966305,Михеев Изяслав Авдеевич,михеев.изяслав.авдеевич@kmkl.kmg.kz,8,21,88,2017-07-27,t,2026-02-25 22:21:35.293375+00,2026-02-25 22:26:41.794739+00
125,EMP-887442,Семенов Святополк Юльевич,семенов.святополк.юльевич@kmkl.kmg.kz,8,25,33,2022-12-31,t,2026-02-25 22:21:35.293375+00,2026-02-25 22:26:41.794739+00
130,EMP-142537,Харитон Фокич Егоров,харитон.фокич.егоров@kmkl.kmg.kz,8,21,88,2017-01-15,t,2026-02-25 22:21:35.293375+00,2026-02-25 22:26:41.794739+00
138,EMP-488130,Лазарева Лариса Феликсовна,лазарева.лариса.феликсовна@kmkl.kmg.kz,8,23,33,2024-05-01,t,2026-02-25 22:21:35.293375+00,2026-02-25 22:26:41.794739+00
146,EMP-390987,Стрелков Конон Фадеевич,стрелков.конон.фадеевич@kmkl.kmg.kz,8,23,33,2025-10-28,t,2026-02-25 22:21:35.293375+00,2026-02-25 22:26:41.794739+00
148,EMP-685674,Афанасьева Евфросиния Макаровна,афанасьева.евфросиния.макаровна@kmkl.kmg.kz,8,22,88,2023-04-04,t,2026-02-25 22:21:35.293375+00,2026-02-25 22:26:41.794739+00
149,EMP-441434,Евграф Аверьянович Тетерин,евграф.аверьянович.тетерин@kmkl.kmg.kz,8,25,33,2024-08-11,t,2026-02-25 22:21:35.293375+00,2026-02-25 22:26:41.794739+00
158,EMP-675306,Семен Игоревич Самойлов,семен.игоревич.самойлов@kmkl.kmg.kz,8,25,88,2024-01-05,t,2026-02-25 22:21:35.293375+00,2026-02-25 22:26:41.794739+00
437,EMP-478672,Сысоев Варлаам Геннадиевич,сысоев.варлаам.геннадиевич@kmkl.kmg.kz,4,11,,2021-06-15,t,2026-02-25 22:21:35.293375+00,2026-02-25 22:26:41.794739+00
65,EMP-738336,Кириллов Илья Фокич,кириллов.илья.фокич@kmkl.kmg.kz,1,5,103,2018-04-05,t,2026-02-25 22:21:35.293375+00,2026-02-25 22:26:41.794739+00
407,EMP-161274,Якуб Феофанович Игнатов,якуб.феофанович.игнатов@kmkl.kmg.kz,1,1,103,2019-10-18,t,2026-02-25 22:21:35.293375+00,2026-02-25 22:26:41.794739+00
15,EMP-408649,Комарова Оксана Мироновна,комарова.оксана.мироновна@kmkl.kmg.kz,1,2,407,2023-09-07,t,2026-02-25 22:21:35.293375+00,2026-02-25 22:26:41.794739+00
16,EMP-841076,Королев Фока Фёдорович,королев.фока.фёдорович@kmkl.kmg.kz,1,5,65,2023-09-01,t,2026-02-25 22:21:35.293375+00,2026-02-25 22:26:41.794739+00
159,EMP-703865,Бронислав Вячеславович Хохлов,бронислав.вячеславович.хохлов@kmkl.kmg.kz,8,21,33,2020-11-02,t,2026-02-25 22:21:35.293375+00,2026-02-25 22:26:41.794739+00
175,EMP-838303,Таисия Владиславовна Рябова,таисия.владиславовна.рябова@kmkl.kmg.kz,8,22,88,2017-07-10,t,2026-02-25 22:21:35.293375+00,2026-02-25 22:26:41.794739+00
179,EMP-508097,Элеонора Наумовна Цветкова,элеонора.наумовна.цветкова@kmkl.kmg.kz,8,25,88,2024-03-28,t,2026-02-25 22:21:35.293375+00,2026-02-25 22:26:41.794739+00
188,EMP-909035,Кулаков Викентий Фомич,кулаков.викентий.фомич@kmkl.kmg.kz,8,22,88,2021-07-13,t,2026-02-25 22:21:35.293375+00,2026-02-25 22:26:41.794739+00
193,EMP-653019,Муравьев Софон Елисеевич,муравьев.софон.елисеевич@kmkl.kmg.kz,8,25,88,2023-09-01,t,2026-02-25 22:21:35.293375+00,2026-02-25 22:26:41.794739+00
194,EMP-535083,Блинов Лев Измаилович,блинов.лев.измаилович@kmkl.kmg.kz,8,25,33,2023-09-18,t,2026-02-25 22:21:35.293375+00,2026-02-25 22:26:41.794739+00
213,EMP-928895,Севастьян Изотович Кошелев,севастьян.изотович.кошелев@kmkl.kmg.kz,8,25,88,2019-04-24,t,2026-02-25 22:21:35.293375+00,2026-02-25 22:26:41.794739+00
225,EMP-468011,Эмилия Евгеньевна Попова,эмилия.евгеньевна.попова@kmkl.kmg.kz,8,23,88,2017-02-19,t,2026-02-25 22:21:35.293375+00,2026-02-25 22:26:41.794739+00
228,EMP-646940,Волкова Елена Вячеславовна,волкова.елена.вячеславовна@kmkl.kmg.kz,8,23,88,2022-09-21,t,2026-02-25 22:21:35.293375+00,2026-02-25 22:26:41.794739+00
236,EMP-549681,Кира Никифоровна Ильина,кира.никифоровна.ильина@kmkl.kmg.kz,8,21,88,2021-09-12,t,2026-02-25 22:21:35.293375+00,2026-02-25 22:26:41.794739+00
242,EMP-845415,г-жа Исаева Синклитикия Николаевна,гжа.исаева.синклитикия.николаевна@kmkl.kmg.kz,8,21,33,2017-01-03,t,2026-02-25 22:21:35.293375+00,2026-02-25 22:26:41.794739+00
259,EMP-864246,Шашкова Юлия Ильинична,шашкова.юлия.ильинична@kmkl.kmg.kz,8,22,88,2020-06-07,t,2026-02-25 22:21:35.293375+00,2026-02-25 22:26:41.794739+00
272,EMP-967285,Ольга Рудольфовна Рыбакова,ольга.рудольфовна.рыбакова@kmkl.kmg.kz,8,23,88,2020-09-05,t,2026-02-25 22:21:35.293375+00,2026-02-25 22:26:41.794739+00
273,EMP-973647,Терентий Августович Архипов,терентий.августович.архипов@kmkl.kmg.kz,8,25,88,2019-12-21,t,2026-02-25 22:21:35.293375+00,2026-02-25 22:26:41.794739+00
275,EMP-789160,Самойлова София Матвеевна,самойлова.софия.матвеевна@kmkl.kmg.kz,8,21,33,2021-02-06,t,2026-02-25 22:21:35.293375+00,2026-02-25 22:26:41.794739+00
283,EMP-520527,Макарова Елизавета Ивановна,макарова.елизавета.ивановна@kmkl.kmg.kz,8,21,33,2018-01-04,t,2026-02-25 22:21:35.293375+00,2026-02-25 22:26:41.794739+00
288,EMP-810381,Агафья Святославовна Гришина,агафья.святославовна.гришина@kmkl.kmg.kz,8,24,33,2025-08-14,t,2026-02-25 22:21:35.293375+00,2026-02-25 22:26:41.794739+00
293,EMP-449366,Панова Евфросиния Эльдаровна,панова.евфросиния.эльдаровна@kmkl.kmg.kz,8,24,88,2023-11-03,t,2026-02-25 22:21:35.293375+00,2026-02-25 22:26:41.794739+00
447,EMP-784786,Дарья Харитоновна Гришина,дарья.харитоновна.гришина@kmkl.kmg.kz,8,21,88,2023-05-22,t,2026-02-25 22:21:35.293375+00,2026-02-25 22:26:41.794739+00
297,EMP-963309,Парамон Гавриилович Самойлов,парамон.гавриилович.самойлов@kmkl.kmg.kz,8,24,88,2025-07-12,t,2026-02-25 22:21:35.293375+00,2026-02-25 22:26:41.794739+00
309,EMP-588563,Любовь Николаевна Гущина,любовь.николаевна.гущина@kmkl.kmg.kz,8,24,33,2020-08-26,t,2026-02-25 22:21:35.293375+00,2026-02-25 22:26:41.794739+00
316,EMP-344522,Дарья Дмитриевна Галкина,дарья.дмитриевна.галкина@kmkl.kmg.kz,8,24,33,2025-11-27,t,2026-02-25 22:21:35.293375+00,2026-02-25 22:26:41.794739+00
326,EMP-947765,Лукия Юльевна Тимофеева,лукия.юльевна.тимофеева@kmkl.kmg.kz,8,25,88,2025-10-28,t,2026-02-25 22:21:35.293375+00,2026-02-25 22:26:41.794739+00
331,EMP-991995,Нинель Ефимовна Гришина,нинель.ефимовна.гришина@kmkl.kmg.kz,8,25,33,2025-04-11,t,2026-02-25 22:21:35.293375+00,2026-02-25 22:26:41.794739+00
339,EMP-848254,Белоусова Прасковья Валентиновна,белоусова.прасковья.валентиновна@kmkl.kmg.kz,8,24,33,2021-12-18,t,2026-02-25 22:21:35.293375+00,2026-02-25 22:26:41.794739+00
344,EMP-718276,Жданова Анжела Эдуардовна,жданова.анжела.эдуардовна@kmkl.kmg.kz,8,22,88,2024-10-10,t,2026-02-25 22:21:35.293375+00,2026-02-25 22:26:41.794739+00
350,EMP-392035,Боян Игоревич Харитонов,боян.игоревич.харитонов@kmkl.kmg.kz,8,23,88,2020-02-04,t,2026-02-25 22:21:35.293375+00,2026-02-25 22:26:41.794739+00
353,EMP-840719,Агафья Васильевна Стрелкова,агафья.васильевна.стрелкова@kmkl.kmg.kz,8,23,88,2020-09-30,t,2026-02-25 22:21:35.293375+00,2026-02-25 22:26:41.794739+00
380,EMP-565159,Овчинникова Феврония Валентиновна,овчинникова.феврония.валентиновна@kmkl.kmg.kz,8,22,88,2018-04-20,t,2026-02-25 22:21:35.293375+00,2026-02-25 22:26:41.794739+00
388,EMP-865762,Сергеева Прасковья Архиповна,сергеева.прасковья.архиповна@kmkl.kmg.kz,8,23,33,2022-10-06,t,2026-02-25 22:21:35.293375+00,2026-02-25 22:26:41.794739+00
402,EMP-120034,Радован Юлианович Некрасов,радован.юлианович.некрасов@kmkl.kmg.kz,8,25,88,2019-11-28,t,2026-02-25 22:21:35.293375+00,2026-02-25 22:26:41.794739+00
410,EMP-145538,Сергеева Пелагея Валентиновна,сергеева.пелагея.валентиновна@kmkl.kmg.kz,8,25,88,2019-06-01,t,2026-02-25 22:21:35.293375+00,2026-02-25 22:26:41.794739+00
418,EMP-199636,Анатолий Ануфриевич Наумов,анатолий.ануфриевич.наумов@kmkl.kmg.kz,8,25,88,2022-11-26,t,2026-02-25 22:21:35.293375+00,2026-02-25 22:26:41.794739+00
428,EMP-547872,Корнилов Пахом Феодосьевич,корнилов.пахом.феодосьевич@kmkl.kmg.kz,8,22,33,2023-06-10,t,2026-02-25 22:21:35.293375+00,2026-02-25 22:26:41.794739+00
433,EMP-227987,Прохорова Зинаида Юрьевна,прохорова.зинаида.юрьевна@kmkl.kmg.kz,8,24,88,2023-06-23,t,2026-02-25 22:21:35.293375+00,2026-02-25 22:26:41.794739+00
434,EMP-514965,Князева Феврония Эльдаровна,князева.феврония.эльдаровна@kmkl.kmg.kz,8,25,88,2023-07-22,t,2026-02-25 22:21:35.293375+00,2026-02-25 22:26:41.794739+00
436,EMP-603857,Феврония Степановна Харитонова,феврония.степановна.харитонова@kmkl.kmg.kz,8,24,33,2017-01-26,t,2026-02-25 22:21:35.293375+00,2026-02-25 22:26:41.794739+00
